date	location	variant	sequences
2022-06-14	Australia	Delta	1
2022-06-09	Australia	Omicron 21K	2
2022-06-10	Australia	Omicron 21K	1
2022-06-14	Australia	Omicron 21K	1
2022-06-16	Australia	Omicron 21K	1
2022-08-19	Australia	Omicron 21K	1
2022-06-04	Australia	Omicron 21L	175
2022-06-05	Australia	Omicron 21L	362
2022-06-06	Australia	Omicron 21L	388
2022-06-07	Australia	Omicron 21L	382
2022-06-08	Australia	Omicron 21L	264
2022-06-09	Australia	Omicron 21L	286
2022-06-10	Australia	Omicron 21L	193
2022-06-11	Australia	Omicron 21L	146
2022-06-12	Australia	Omicron 21L	197
2022-06-13	Australia	Omicron 21L	199
2022-06-14	Australia	Omicron 21L	228
2022-06-15	Australia	Omicron 21L	137
2022-06-16	Australia	Omicron 21L	158
2022-06-17	Australia	Omicron 21L	152
2022-06-18	Australia	Omicron 21L	144
2022-06-19	Australia	Omicron 21L	135
2022-06-20	Australia	Omicron 21L	162
2022-06-21	Australia	Omicron 21L	191
2022-06-22	Australia	Omicron 21L	138
2022-06-23	Australia	Omicron 21L	177
2022-06-24	Australia	Omicron 21L	98
2022-06-25	Australia	Omicron 21L	83
2022-06-26	Australia	Omicron 21L	182
2022-06-27	Australia	Omicron 21L	126
2022-06-28	Australia	Omicron 21L	83
2022-06-29	Australia	Omicron 21L	70
2022-06-30	Australia	Omicron 21L	115
2022-07-01	Australia	Omicron 21L	103
2022-07-02	Australia	Omicron 21L	79
2022-07-03	Australia	Omicron 21L	123
2022-07-04	Australia	Omicron 21L	96
2022-07-05	Australia	Omicron 21L	99
2022-07-06	Australia	Omicron 21L	49
2022-07-07	Australia	Omicron 21L	102
2022-07-08	Australia	Omicron 21L	52
2022-07-09	Australia	Omicron 21L	68
2022-07-10	Australia	Omicron 21L	51
2022-07-11	Australia	Omicron 21L	52
2022-07-12	Australia	Omicron 21L	37
2022-07-13	Australia	Omicron 21L	46
2022-07-14	Australia	Omicron 21L	44
2022-07-15	Australia	Omicron 21L	22
2022-07-16	Australia	Omicron 21L	17
2022-07-17	Australia	Omicron 21L	23
2022-07-18	Australia	Omicron 21L	40
2022-07-19	Australia	Omicron 21L	36
2022-07-20	Australia	Omicron 21L	28
2022-07-21	Australia	Omicron 21L	29
2022-07-22	Australia	Omicron 21L	13
2022-07-23	Australia	Omicron 21L	19
2022-07-24	Australia	Omicron 21L	19
2022-07-25	Australia	Omicron 21L	24
2022-07-26	Australia	Omicron 21L	36
2022-07-27	Australia	Omicron 21L	34
2022-07-28	Australia	Omicron 21L	13
2022-07-29	Australia	Omicron 21L	21
2022-07-30	Australia	Omicron 21L	12
2022-07-31	Australia	Omicron 21L	5
2022-08-01	Australia	Omicron 21L	13
2022-08-02	Australia	Omicron 21L	22
2022-08-03	Australia	Omicron 21L	4
2022-08-04	Australia	Omicron 21L	11
2022-08-05	Australia	Omicron 21L	7
2022-08-06	Australia	Omicron 21L	6
2022-08-07	Australia	Omicron 21L	4
2022-08-08	Australia	Omicron 21L	21
2022-08-09	Australia	Omicron 21L	15
2022-08-10	Australia	Omicron 21L	12
2022-08-11	Australia	Omicron 21L	4
2022-08-12	Australia	Omicron 21L	5
2022-08-13	Australia	Omicron 21L	2
2022-08-14	Australia	Omicron 21L	12
2022-08-15	Australia	Omicron 21L	17
2022-08-16	Australia	Omicron 21L	7
2022-08-17	Australia	Omicron 21L	12
2022-08-18	Australia	Omicron 21L	4
2022-08-19	Australia	Omicron 21L	2
2022-08-20	Australia	Omicron 21L	3
2022-08-21	Australia	Omicron 21L	3
2022-08-22	Australia	Omicron 21L	5
2022-08-23	Australia	Omicron 21L	4
2022-08-24	Australia	Omicron 21L	6
2022-08-25	Australia	Omicron 21L	2
2022-08-26	Australia	Omicron 21L	3
2022-08-27	Australia	Omicron 21L	2
2022-08-28	Australia	Omicron 21L	5
2022-08-29	Australia	Omicron 21L	11
2022-08-30	Australia	Omicron 21L	3
2022-08-31	Australia	Omicron 21L	3
2022-09-01	Australia	Omicron 21L	1
2022-06-04	Australia	Omicron 22A	12
2022-06-05	Australia	Omicron 22A	35
2022-06-06	Australia	Omicron 22A	40
2022-06-07	Australia	Omicron 22A	32
2022-06-08	Australia	Omicron 22A	28
2022-06-09	Australia	Omicron 22A	37
2022-06-10	Australia	Omicron 22A	12
2022-06-11	Australia	Omicron 22A	13
2022-06-12	Australia	Omicron 22A	28
2022-06-13	Australia	Omicron 22A	24
2022-06-14	Australia	Omicron 22A	43
2022-06-15	Australia	Omicron 22A	29
2022-06-16	Australia	Omicron 22A	44
2022-06-17	Australia	Omicron 22A	44
2022-06-18	Australia	Omicron 22A	41
2022-06-19	Australia	Omicron 22A	39
2022-06-20	Australia	Omicron 22A	42
2022-06-21	Australia	Omicron 22A	41
2022-06-22	Australia	Omicron 22A	54
2022-06-23	Australia	Omicron 22A	58
2022-06-24	Australia	Omicron 22A	28
2022-06-25	Australia	Omicron 22A	22
2022-06-26	Australia	Omicron 22A	59
2022-06-27	Australia	Omicron 22A	61
2022-06-28	Australia	Omicron 22A	38
2022-06-29	Australia	Omicron 22A	35
2022-06-30	Australia	Omicron 22A	61
2022-07-01	Australia	Omicron 22A	46
2022-07-02	Australia	Omicron 22A	78
2022-07-03	Australia	Omicron 22A	78
2022-07-04	Australia	Omicron 22A	64
2022-07-05	Australia	Omicron 22A	59
2022-07-06	Australia	Omicron 22A	36
2022-07-07	Australia	Omicron 22A	78
2022-07-08	Australia	Omicron 22A	47
2022-07-09	Australia	Omicron 22A	28
2022-07-10	Australia	Omicron 22A	64
2022-07-11	Australia	Omicron 22A	50
2022-07-12	Australia	Omicron 22A	49
2022-07-13	Australia	Omicron 22A	47
2022-07-14	Australia	Omicron 22A	60
2022-07-15	Australia	Omicron 22A	34
2022-07-16	Australia	Omicron 22A	36
2022-07-17	Australia	Omicron 22A	47
2022-07-18	Australia	Omicron 22A	54
2022-07-19	Australia	Omicron 22A	30
2022-07-20	Australia	Omicron 22A	35
2022-07-21	Australia	Omicron 22A	48
2022-07-22	Australia	Omicron 22A	24
2022-07-23	Australia	Omicron 22A	41
2022-07-24	Australia	Omicron 22A	52
2022-07-25	Australia	Omicron 22A	42
2022-07-26	Australia	Omicron 22A	40
2022-07-27	Australia	Omicron 22A	39
2022-07-28	Australia	Omicron 22A	48
2022-07-29	Australia	Omicron 22A	23
2022-07-30	Australia	Omicron 22A	27
2022-07-31	Australia	Omicron 22A	21
2022-08-01	Australia	Omicron 22A	49
2022-08-02	Australia	Omicron 22A	41
2022-08-03	Australia	Omicron 22A	20
2022-08-04	Australia	Omicron 22A	44
2022-08-05	Australia	Omicron 22A	20
2022-08-06	Australia	Omicron 22A	17
2022-08-07	Australia	Omicron 22A	35
2022-08-08	Australia	Omicron 22A	38
2022-08-09	Australia	Omicron 22A	18
2022-08-10	Australia	Omicron 22A	22
2022-08-11	Australia	Omicron 22A	48
2022-08-12	Australia	Omicron 22A	9
2022-08-13	Australia	Omicron 22A	18
2022-08-14	Australia	Omicron 22A	31
2022-08-15	Australia	Omicron 22A	48
2022-08-16	Australia	Omicron 22A	25
2022-08-17	Australia	Omicron 22A	18
2022-08-18	Australia	Omicron 22A	23
2022-08-19	Australia	Omicron 22A	8
2022-08-20	Australia	Omicron 22A	8
2022-08-21	Australia	Omicron 22A	5
2022-08-22	Australia	Omicron 22A	9
2022-08-23	Australia	Omicron 22A	8
2022-08-24	Australia	Omicron 22A	9
2022-08-25	Australia	Omicron 22A	13
2022-08-26	Australia	Omicron 22A	6
2022-08-27	Australia	Omicron 22A	5
2022-08-28	Australia	Omicron 22A	7
2022-08-29	Australia	Omicron 22A	8
2022-08-30	Australia	Omicron 22A	11
2022-08-31	Australia	Omicron 22A	7
2022-09-01	Australia	Omicron 22A	10
2022-06-04	Australia	Omicron 22B	37
2022-06-05	Australia	Omicron 22B	67
2022-06-06	Australia	Omicron 22B	32
2022-06-07	Australia	Omicron 22B	50
2022-06-08	Australia	Omicron 22B	33
2022-06-09	Australia	Omicron 22B	65
2022-06-10	Australia	Omicron 22B	53
2022-06-11	Australia	Omicron 22B	32
2022-06-12	Australia	Omicron 22B	43
2022-06-13	Australia	Omicron 22B	57
2022-06-14	Australia	Omicron 22B	102
2022-06-15	Australia	Omicron 22B	59
2022-06-16	Australia	Omicron 22B	114
2022-06-17	Australia	Omicron 22B	81
2022-06-18	Australia	Omicron 22B	68
2022-06-19	Australia	Omicron 22B	149
2022-06-20	Australia	Omicron 22B	124
2022-06-21	Australia	Omicron 22B	150
2022-06-22	Australia	Omicron 22B	91
2022-06-23	Australia	Omicron 22B	157
2022-06-24	Australia	Omicron 22B	99
2022-06-25	Australia	Omicron 22B	111
2022-06-26	Australia	Omicron 22B	169
2022-06-27	Australia	Omicron 22B	221
2022-06-28	Australia	Omicron 22B	195
2022-06-29	Australia	Omicron 22B	142
2022-06-30	Australia	Omicron 22B	236
2022-07-01	Australia	Omicron 22B	255
2022-07-02	Australia	Omicron 22B	270
2022-07-03	Australia	Omicron 22B	349
2022-07-04	Australia	Omicron 22B	262
2022-07-05	Australia	Omicron 22B	246
2022-07-06	Australia	Omicron 22B	207
2022-07-07	Australia	Omicron 22B	366
2022-07-08	Australia	Omicron 22B	186
2022-07-09	Australia	Omicron 22B	182
2022-07-10	Australia	Omicron 22B	296
2022-07-11	Australia	Omicron 22B	283
2022-07-12	Australia	Omicron 22B	256
2022-07-13	Australia	Omicron 22B	208
2022-07-14	Australia	Omicron 22B	338
2022-07-15	Australia	Omicron 22B	193
2022-07-16	Australia	Omicron 22B	197
2022-07-17	Australia	Omicron 22B	306
2022-07-18	Australia	Omicron 22B	337
2022-07-19	Australia	Omicron 22B	293
2022-07-20	Australia	Omicron 22B	219
2022-07-21	Australia	Omicron 22B	296
2022-07-22	Australia	Omicron 22B	204
2022-07-23	Australia	Omicron 22B	222
2022-07-24	Australia	Omicron 22B	280
2022-07-25	Australia	Omicron 22B	250
2022-07-26	Australia	Omicron 22B	213
2022-07-27	Australia	Omicron 22B	181
2022-07-28	Australia	Omicron 22B	247
2022-07-29	Australia	Omicron 22B	151
2022-07-30	Australia	Omicron 22B	224
2022-07-31	Australia	Omicron 22B	184
2022-08-01	Australia	Omicron 22B	275
2022-08-02	Australia	Omicron 22B	251
2022-08-03	Australia	Omicron 22B	231
2022-08-04	Australia	Omicron 22B	256
2022-08-05	Australia	Omicron 22B	188
2022-08-06	Australia	Omicron 22B	201
2022-08-07	Australia	Omicron 22B	282
2022-08-08	Australia	Omicron 22B	352
2022-08-09	Australia	Omicron 22B	236
2022-08-10	Australia	Omicron 22B	177
2022-08-11	Australia	Omicron 22B	299
2022-08-12	Australia	Omicron 22B	119
2022-08-13	Australia	Omicron 22B	143
2022-08-14	Australia	Omicron 22B	254
2022-08-15	Australia	Omicron 22B	384
2022-08-16	Australia	Omicron 22B	272
2022-08-17	Australia	Omicron 22B	234
2022-08-18	Australia	Omicron 22B	216
2022-08-19	Australia	Omicron 22B	138
2022-08-20	Australia	Omicron 22B	120
2022-08-21	Australia	Omicron 22B	118
2022-08-22	Australia	Omicron 22B	188
2022-08-23	Australia	Omicron 22B	139
2022-08-24	Australia	Omicron 22B	164
2022-08-25	Australia	Omicron 22B	94
2022-08-26	Australia	Omicron 22B	111
2022-08-27	Australia	Omicron 22B	85
2022-08-28	Australia	Omicron 22B	97
2022-08-29	Australia	Omicron 22B	169
2022-08-30	Australia	Omicron 22B	126
2022-08-31	Australia	Omicron 22B	81
2022-09-01	Australia	Omicron 22B	49
2022-06-04	Australia	Omicron 22C	7
2022-06-05	Australia	Omicron 22C	16
2022-06-06	Australia	Omicron 22C	13
2022-06-07	Australia	Omicron 22C	28
2022-06-08	Australia	Omicron 22C	7
2022-06-09	Australia	Omicron 22C	16
2022-06-10	Australia	Omicron 22C	7
2022-06-11	Australia	Omicron 22C	10
2022-06-12	Australia	Omicron 22C	8
2022-06-13	Australia	Omicron 22C	9
2022-06-14	Australia	Omicron 22C	25
2022-06-15	Australia	Omicron 22C	15
2022-06-16	Australia	Omicron 22C	13
2022-06-17	Australia	Omicron 22C	18
2022-06-18	Australia	Omicron 22C	9
2022-06-19	Australia	Omicron 22C	13
2022-06-20	Australia	Omicron 22C	19
2022-06-21	Australia	Omicron 22C	16
2022-06-22	Australia	Omicron 22C	24
2022-06-23	Australia	Omicron 22C	22
2022-06-24	Australia	Omicron 22C	14
2022-06-25	Australia	Omicron 22C	12
2022-06-26	Australia	Omicron 22C	8
2022-06-27	Australia	Omicron 22C	22
2022-06-28	Australia	Omicron 22C	12
2022-06-29	Australia	Omicron 22C	19
2022-06-30	Australia	Omicron 22C	14
2022-07-01	Australia	Omicron 22C	20
2022-07-02	Australia	Omicron 22C	10
2022-07-03	Australia	Omicron 22C	16
2022-07-04	Australia	Omicron 22C	16
2022-07-05	Australia	Omicron 22C	17
2022-07-06	Australia	Omicron 22C	8
2022-07-07	Australia	Omicron 22C	17
2022-07-08	Australia	Omicron 22C	7
2022-07-09	Australia	Omicron 22C	6
2022-07-10	Australia	Omicron 22C	16
2022-07-11	Australia	Omicron 22C	12
2022-07-12	Australia	Omicron 22C	3
2022-07-13	Australia	Omicron 22C	5
2022-07-14	Australia	Omicron 22C	8
2022-07-15	Australia	Omicron 22C	3
2022-07-16	Australia	Omicron 22C	9
2022-07-17	Australia	Omicron 22C	4
2022-07-18	Australia	Omicron 22C	9
2022-07-19	Australia	Omicron 22C	2
2022-07-20	Australia	Omicron 22C	6
2022-07-21	Australia	Omicron 22C	6
2022-07-22	Australia	Omicron 22C	1
2022-07-23	Australia	Omicron 22C	4
2022-07-25	Australia	Omicron 22C	3
2022-07-26	Australia	Omicron 22C	7
2022-07-27	Australia	Omicron 22C	5
2022-07-28	Australia	Omicron 22C	4
2022-07-29	Australia	Omicron 22C	4
2022-07-30	Australia	Omicron 22C	3
2022-08-01	Australia	Omicron 22C	5
2022-08-02	Australia	Omicron 22C	4
2022-08-07	Australia	Omicron 22C	1
2022-08-08	Australia	Omicron 22C	5
2022-08-09	Australia	Omicron 22C	8
2022-08-10	Australia	Omicron 22C	3
2022-08-11	Australia	Omicron 22C	2
2022-08-12	Australia	Omicron 22C	1
2022-08-14	Australia	Omicron 22C	2
2022-08-18	Australia	Omicron 22C	1
2022-08-22	Australia	Omicron 22C	1
2022-08-24	Australia	Omicron 22C	2
2022-08-26	Australia	Omicron 22C	1
2022-08-28	Australia	Omicron 22C	3
2022-08-31	Australia	Omicron 22C	1
2022-06-04	Australia	Omicron 22D	1
2022-06-28	Australia	Omicron 22D	1
2022-07-01	Australia	Omicron 22D	2
2022-07-02	Australia	Omicron 22D	1
2022-07-03	Australia	Omicron 22D	1
2022-07-04	Australia	Omicron 22D	2
2022-07-06	Australia	Omicron 22D	1
2022-07-08	Australia	Omicron 22D	1
2022-07-11	Australia	Omicron 22D	3
2022-07-12	Australia	Omicron 22D	1
2022-07-14	Australia	Omicron 22D	3
2022-07-15	Australia	Omicron 22D	2
2022-07-16	Australia	Omicron 22D	1
2022-07-18	Australia	Omicron 22D	1
2022-07-19	Australia	Omicron 22D	1
2022-07-22	Australia	Omicron 22D	1
2022-07-23	Australia	Omicron 22D	2
2022-07-24	Australia	Omicron 22D	1
2022-07-25	Australia	Omicron 22D	5
2022-07-26	Australia	Omicron 22D	3
2022-07-27	Australia	Omicron 22D	3
2022-07-28	Australia	Omicron 22D	2
2022-07-29	Australia	Omicron 22D	8
2022-07-30	Australia	Omicron 22D	3
2022-07-31	Australia	Omicron 22D	2
2022-08-01	Australia	Omicron 22D	3
2022-08-02	Australia	Omicron 22D	5
2022-08-03	Australia	Omicron 22D	1
2022-08-04	Australia	Omicron 22D	1
2022-08-05	Australia	Omicron 22D	8
2022-08-06	Australia	Omicron 22D	6
2022-08-07	Australia	Omicron 22D	3
2022-08-08	Australia	Omicron 22D	3
2022-08-09	Australia	Omicron 22D	9
2022-08-10	Australia	Omicron 22D	7
2022-08-11	Australia	Omicron 22D	4
2022-08-12	Australia	Omicron 22D	6
2022-08-13	Australia	Omicron 22D	2
2022-08-14	Australia	Omicron 22D	5
2022-08-15	Australia	Omicron 22D	19
2022-08-16	Australia	Omicron 22D	12
2022-08-17	Australia	Omicron 22D	14
2022-08-18	Australia	Omicron 22D	16
2022-08-19	Australia	Omicron 22D	7
2022-08-20	Australia	Omicron 22D	1
2022-08-22	Australia	Omicron 22D	16
2022-08-23	Australia	Omicron 22D	8
2022-08-24	Australia	Omicron 22D	2
2022-08-25	Australia	Omicron 22D	4
2022-08-26	Australia	Omicron 22D	4
2022-08-27	Australia	Omicron 22D	11
2022-08-28	Australia	Omicron 22D	11
2022-08-29	Australia	Omicron 22D	17
2022-08-30	Australia	Omicron 22D	11
2022-08-31	Australia	Omicron 22D	4
2022-09-01	Australia	Omicron 22D	1
2022-08-26	Australia	Omicron 22E	1
2022-06-05	Australia	other	1
2022-06-06	Australia	other	1
2022-06-09	Australia	other	1
2022-06-16	Australia	other	1
2022-06-17	Australia	other	1
2022-06-19	Australia	other	1
2022-06-20	Australia	other	1
2022-06-27	Australia	other	1
2022-07-05	Australia	other	1
2022-07-10	Australia	other	1
2022-07-15	Australia	other	1
2022-06-16	Brazil	Delta	1
2022-06-04	Brazil	Omicron 21K	2
2022-06-05	Brazil	Omicron 21K	3
2022-06-06	Brazil	Omicron 21K	2
2022-06-07	Brazil	Omicron 21K	2
2022-06-09	Brazil	Omicron 21K	1
2022-06-10	Brazil	Omicron 21K	4
2022-06-11	Brazil	Omicron 21K	1
2022-06-13	Brazil	Omicron 21K	2
2022-06-14	Brazil	Omicron 21K	2
2022-06-15	Brazil	Omicron 21K	1
2022-06-16	Brazil	Omicron 21K	3
2022-06-17	Brazil	Omicron 21K	1
2022-06-18	Brazil	Omicron 21K	1
2022-06-20	Brazil	Omicron 21K	1
2022-06-24	Brazil	Omicron 21K	2
2022-07-02	Brazil	Omicron 21K	1
2022-07-05	Brazil	Omicron 21K	1
2022-07-08	Brazil	Omicron 21K	1
2022-07-12	Brazil	Omicron 21K	2
2022-07-19	Brazil	Omicron 21K	1
2022-07-21	Brazil	Omicron 21K	2
2022-06-04	Brazil	Omicron 21L	45
2022-06-05	Brazil	Omicron 21L	61
2022-06-06	Brazil	Omicron 21L	332
2022-06-07	Brazil	Omicron 21L	269
2022-06-08	Brazil	Omicron 21L	266
2022-06-09	Brazil	Omicron 21L	202
2022-06-10	Brazil	Omicron 21L	147
2022-06-11	Brazil	Omicron 21L	31
2022-06-12	Brazil	Omicron 21L	26
2022-06-13	Brazil	Omicron 21L	135
2022-06-14	Brazil	Omicron 21L	164
2022-06-15	Brazil	Omicron 21L	132
2022-06-16	Brazil	Omicron 21L	23
2022-06-17	Brazil	Omicron 21L	47
2022-06-18	Brazil	Omicron 21L	11
2022-06-19	Brazil	Omicron 21L	10
2022-06-20	Brazil	Omicron 21L	80
2022-06-21	Brazil	Omicron 21L	68
2022-06-22	Brazil	Omicron 21L	50
2022-06-23	Brazil	Omicron 21L	59
2022-06-24	Brazil	Omicron 21L	46
2022-06-25	Brazil	Omicron 21L	8
2022-06-26	Brazil	Omicron 21L	11
2022-06-27	Brazil	Omicron 21L	50
2022-06-28	Brazil	Omicron 21L	30
2022-06-29	Brazil	Omicron 21L	22
2022-06-30	Brazil	Omicron 21L	32
2022-07-01	Brazil	Omicron 21L	39
2022-07-02	Brazil	Omicron 21L	8
2022-07-03	Brazil	Omicron 21L	8
2022-07-04	Brazil	Omicron 21L	41
2022-07-05	Brazil	Omicron 21L	39
2022-07-06	Brazil	Omicron 21L	28
2022-07-07	Brazil	Omicron 21L	22
2022-07-08	Brazil	Omicron 21L	21
2022-07-09	Brazil	Omicron 21L	5
2022-07-10	Brazil	Omicron 21L	6
2022-07-11	Brazil	Omicron 21L	10
2022-07-12	Brazil	Omicron 21L	20
2022-07-13	Brazil	Omicron 21L	6
2022-07-14	Brazil	Omicron 21L	5
2022-07-15	Brazil	Omicron 21L	5
2022-07-16	Brazil	Omicron 21L	2
2022-07-17	Brazil	Omicron 21L	3
2022-07-19	Brazil	Omicron 21L	3
2022-07-20	Brazil	Omicron 21L	2
2022-07-21	Brazil	Omicron 21L	1
2022-07-22	Brazil	Omicron 21L	2
2022-07-23	Brazil	Omicron 21L	3
2022-07-24	Brazil	Omicron 21L	2
2022-07-25	Brazil	Omicron 21L	1
2022-07-27	Brazil	Omicron 21L	3
2022-07-28	Brazil	Omicron 21L	4
2022-07-30	Brazil	Omicron 21L	1
2022-08-01	Brazil	Omicron 21L	1
2022-08-05	Brazil	Omicron 21L	4
2022-06-04	Brazil	Omicron 22A	24
2022-06-05	Brazil	Omicron 22A	19
2022-06-06	Brazil	Omicron 22A	86
2022-06-07	Brazil	Omicron 22A	78
2022-06-08	Brazil	Omicron 22A	73
2022-06-09	Brazil	Omicron 22A	70
2022-06-10	Brazil	Omicron 22A	64
2022-06-11	Brazil	Omicron 22A	19
2022-06-12	Brazil	Omicron 22A	15
2022-06-13	Brazil	Omicron 22A	70
2022-06-14	Brazil	Omicron 22A	136
2022-06-15	Brazil	Omicron 22A	134
2022-06-16	Brazil	Omicron 22A	31
2022-06-17	Brazil	Omicron 22A	34
2022-06-18	Brazil	Omicron 22A	15
2022-06-19	Brazil	Omicron 22A	12
2022-06-20	Brazil	Omicron 22A	79
2022-06-21	Brazil	Omicron 22A	71
2022-06-22	Brazil	Omicron 22A	47
2022-06-23	Brazil	Omicron 22A	52
2022-06-24	Brazil	Omicron 22A	50
2022-06-25	Brazil	Omicron 22A	21
2022-06-26	Brazil	Omicron 22A	16
2022-06-27	Brazil	Omicron 22A	108
2022-06-28	Brazil	Omicron 22A	84
2022-06-29	Brazil	Omicron 22A	78
2022-06-30	Brazil	Omicron 22A	97
2022-07-01	Brazil	Omicron 22A	148
2022-07-02	Brazil	Omicron 22A	35
2022-07-03	Brazil	Omicron 22A	45
2022-07-04	Brazil	Omicron 22A	130
2022-07-05	Brazil	Omicron 22A	86
2022-07-06	Brazil	Omicron 22A	105
2022-07-07	Brazil	Omicron 22A	84
2022-07-08	Brazil	Omicron 22A	64
2022-07-09	Brazil	Omicron 22A	16
2022-07-10	Brazil	Omicron 22A	14
2022-07-11	Brazil	Omicron 22A	54
2022-07-12	Brazil	Omicron 22A	51
2022-07-13	Brazil	Omicron 22A	50
2022-07-14	Brazil	Omicron 22A	28
2022-07-15	Brazil	Omicron 22A	16
2022-07-16	Brazil	Omicron 22A	14
2022-07-17	Brazil	Omicron 22A	8
2022-07-18	Brazil	Omicron 22A	30
2022-07-19	Brazil	Omicron 22A	25
2022-07-20	Brazil	Omicron 22A	20
2022-07-21	Brazil	Omicron 22A	14
2022-07-22	Brazil	Omicron 22A	26
2022-07-23	Brazil	Omicron 22A	6
2022-07-24	Brazil	Omicron 22A	3
2022-07-25	Brazil	Omicron 22A	20
2022-07-26	Brazil	Omicron 22A	11
2022-07-27	Brazil	Omicron 22A	8
2022-07-28	Brazil	Omicron 22A	4
2022-07-29	Brazil	Omicron 22A	10
2022-08-01	Brazil	Omicron 22A	2
2022-08-02	Brazil	Omicron 22A	3
2022-08-03	Brazil	Omicron 22A	1
2022-08-04	Brazil	Omicron 22A	2
2022-08-05	Brazil	Omicron 22A	2
2022-08-08	Brazil	Omicron 22A	4
2022-08-09	Brazil	Omicron 22A	2
2022-08-10	Brazil	Omicron 22A	5
2022-08-12	Brazil	Omicron 22A	1
2022-08-15	Brazil	Omicron 22A	1
2022-08-16	Brazil	Omicron 22A	1
2022-08-17	Brazil	Omicron 22A	1
2022-08-18	Brazil	Omicron 22A	1
2022-06-04	Brazil	Omicron 22B	27
2022-06-05	Brazil	Omicron 22B	25
2022-06-06	Brazil	Omicron 22B	106
2022-06-07	Brazil	Omicron 22B	105
2022-06-08	Brazil	Omicron 22B	135
2022-06-09	Brazil	Omicron 22B	107
2022-06-10	Brazil	Omicron 22B	122
2022-06-11	Brazil	Omicron 22B	43
2022-06-12	Brazil	Omicron 22B	41
2022-06-13	Brazil	Omicron 22B	183
2022-06-14	Brazil	Omicron 22B	212
2022-06-15	Brazil	Omicron 22B	163
2022-06-16	Brazil	Omicron 22B	31
2022-06-17	Brazil	Omicron 22B	74
2022-06-18	Brazil	Omicron 22B	42
2022-06-19	Brazil	Omicron 22B	18
2022-06-20	Brazil	Omicron 22B	189
2022-06-21	Brazil	Omicron 22B	182
2022-06-22	Brazil	Omicron 22B	115
2022-06-23	Brazil	Omicron 22B	141
2022-06-24	Brazil	Omicron 22B	135
2022-06-25	Brazil	Omicron 22B	57
2022-06-26	Brazil	Omicron 22B	57
2022-06-27	Brazil	Omicron 22B	239
2022-06-28	Brazil	Omicron 22B	251
2022-06-29	Brazil	Omicron 22B	232
2022-06-30	Brazil	Omicron 22B	291
2022-07-01	Brazil	Omicron 22B	419
2022-07-02	Brazil	Omicron 22B	144
2022-07-03	Brazil	Omicron 22B	90
2022-07-04	Brazil	Omicron 22B	470
2022-07-05	Brazil	Omicron 22B	330
2022-07-06	Brazil	Omicron 22B	299
2022-07-07	Brazil	Omicron 22B	286
2022-07-08	Brazil	Omicron 22B	201
2022-07-09	Brazil	Omicron 22B	50
2022-07-10	Brazil	Omicron 22B	44
2022-07-11	Brazil	Omicron 22B	165
2022-07-12	Brazil	Omicron 22B	218
2022-07-13	Brazil	Omicron 22B	153
2022-07-14	Brazil	Omicron 22B	111
2022-07-15	Brazil	Omicron 22B	83
2022-07-16	Brazil	Omicron 22B	40
2022-07-17	Brazil	Omicron 22B	56
2022-07-18	Brazil	Omicron 22B	157
2022-07-19	Brazil	Omicron 22B	117
2022-07-20	Brazil	Omicron 22B	102
2022-07-21	Brazil	Omicron 22B	112
2022-07-22	Brazil	Omicron 22B	109
2022-07-23	Brazil	Omicron 22B	25
2022-07-24	Brazil	Omicron 22B	23
2022-07-25	Brazil	Omicron 22B	80
2022-07-26	Brazil	Omicron 22B	73
2022-07-27	Brazil	Omicron 22B	67
2022-07-28	Brazil	Omicron 22B	50
2022-07-29	Brazil	Omicron 22B	43
2022-07-30	Brazil	Omicron 22B	7
2022-07-31	Brazil	Omicron 22B	12
2022-08-01	Brazil	Omicron 22B	37
2022-08-02	Brazil	Omicron 22B	35
2022-08-03	Brazil	Omicron 22B	41
2022-08-04	Brazil	Omicron 22B	28
2022-08-05	Brazil	Omicron 22B	15
2022-08-06	Brazil	Omicron 22B	3
2022-08-07	Brazil	Omicron 22B	2
2022-08-08	Brazil	Omicron 22B	27
2022-08-09	Brazil	Omicron 22B	22
2022-08-10	Brazil	Omicron 22B	14
2022-08-11	Brazil	Omicron 22B	12
2022-08-12	Brazil	Omicron 22B	6
2022-08-14	Brazil	Omicron 22B	1
2022-08-15	Brazil	Omicron 22B	7
2022-08-16	Brazil	Omicron 22B	5
2022-08-17	Brazil	Omicron 22B	3
2022-08-18	Brazil	Omicron 22B	6
2022-06-04	Brazil	Omicron 22C	5
2022-06-05	Brazil	Omicron 22C	6
2022-06-06	Brazil	Omicron 22C	11
2022-06-07	Brazil	Omicron 22C	11
2022-06-08	Brazil	Omicron 22C	14
2022-06-09	Brazil	Omicron 22C	20
2022-06-10	Brazil	Omicron 22C	14
2022-06-11	Brazil	Omicron 22C	3
2022-06-12	Brazil	Omicron 22C	5
2022-06-13	Brazil	Omicron 22C	11
2022-06-14	Brazil	Omicron 22C	21
2022-06-15	Brazil	Omicron 22C	12
2022-06-16	Brazil	Omicron 22C	2
2022-06-17	Brazil	Omicron 22C	4
2022-06-18	Brazil	Omicron 22C	1
2022-06-20	Brazil	Omicron 22C	5
2022-06-21	Brazil	Omicron 22C	6
2022-06-22	Brazil	Omicron 22C	7
2022-06-23	Brazil	Omicron 22C	6
2022-06-24	Brazil	Omicron 22C	4
2022-06-26	Brazil	Omicron 22C	1
2022-06-27	Brazil	Omicron 22C	5
2022-06-28	Brazil	Omicron 22C	3
2022-06-29	Brazil	Omicron 22C	1
2022-06-30	Brazil	Omicron 22C	5
2022-07-01	Brazil	Omicron 22C	8
2022-07-02	Brazil	Omicron 22C	2
2022-07-03	Brazil	Omicron 22C	1
2022-07-04	Brazil	Omicron 22C	5
2022-07-05	Brazil	Omicron 22C	2
2022-07-06	Brazil	Omicron 22C	1
2022-07-07	Brazil	Omicron 22C	5
2022-07-08	Brazil	Omicron 22C	3
2022-07-11	Brazil	Omicron 22C	4
2022-07-13	Brazil	Omicron 22C	2
2022-07-15	Brazil	Omicron 22C	1
2022-07-20	Brazil	Omicron 22C	1
2022-07-24	Brazil	Omicron 22C	1
2022-08-02	Brazil	Omicron 22C	1
2022-06-05	Brazil	other	4
2022-06-06	Brazil	other	10
2022-06-07	Brazil	other	15
2022-06-08	Brazil	other	8
2022-06-09	Brazil	other	7
2022-06-10	Brazil	other	5
2022-06-11	Brazil	other	3
2022-06-13	Brazil	other	5
2022-06-14	Brazil	other	10
2022-06-15	Brazil	other	5
2022-06-16	Brazil	other	1
2022-06-17	Brazil	other	4
2022-06-18	Brazil	other	2
2022-06-19	Brazil	other	3
2022-06-20	Brazil	other	2
2022-06-21	Brazil	other	7
2022-06-22	Brazil	other	4
2022-06-24	Brazil	other	1
2022-06-25	Brazil	other	1
2022-06-26	Brazil	other	1
2022-06-27	Brazil	other	1
2022-06-29	Brazil	other	3
2022-06-30	Brazil	other	4
2022-07-01	Brazil	other	2
2022-07-04	Brazil	other	5
2022-07-14	Brazil	other	1
2022-07-19	Brazil	other	1
2022-07-20	Brazil	other	1
2022-07-25	Brazil	other	1
2022-06-05	Japan	Omicron 21K	1
2022-06-06	Japan	Omicron 21K	3
2022-06-08	Japan	Omicron 21K	3
2022-06-09	Japan	Omicron 21K	1
2022-06-11	Japan	Omicron 21K	2
2022-06-13	Japan	Omicron 21K	2
2022-06-14	Japan	Omicron 21K	2
2022-06-17	Japan	Omicron 21K	1
2022-06-19	Japan	Omicron 21K	1
2022-06-20	Japan	Omicron 21K	2
2022-06-21	Japan	Omicron 21K	1
2022-06-23	Japan	Omicron 21K	1
2022-06-24	Japan	Omicron 21K	1
2022-06-25	Japan	Omicron 21K	1
2022-06-27	Japan	Omicron 21K	1
2022-06-28	Japan	Omicron 21K	2
2022-06-30	Japan	Omicron 21K	1
2022-07-01	Japan	Omicron 21K	1
2022-07-04	Japan	Omicron 21K	2
2022-07-05	Japan	Omicron 21K	5
2022-07-06	Japan	Omicron 21K	2
2022-07-09	Japan	Omicron 21K	1
2022-07-27	Japan	Omicron 21K	1
2022-08-03	Japan	Omicron 21K	1
2022-08-05	Japan	Omicron 21K	1
2022-06-04	Japan	Omicron 21L	344
2022-06-05	Japan	Omicron 21L	211
2022-06-06	Japan	Omicron 21L	754
2022-06-07	Japan	Omicron 21L	483
2022-06-08	Japan	Omicron 21L	570
2022-06-09	Japan	Omicron 21L	527
2022-06-10	Japan	Omicron 21L	509
2022-06-11	Japan	Omicron 21L	330
2022-06-12	Japan	Omicron 21L	195
2022-06-13	Japan	Omicron 21L	660
2022-06-14	Japan	Omicron 21L	405
2022-06-15	Japan	Omicron 21L	542
2022-06-16	Japan	Omicron 21L	486
2022-06-17	Japan	Omicron 21L	481
2022-06-18	Japan	Omicron 21L	269
2022-06-19	Japan	Omicron 21L	137
2022-06-20	Japan	Omicron 21L	645
2022-06-21	Japan	Omicron 21L	399
2022-06-22	Japan	Omicron 21L	478
2022-06-23	Japan	Omicron 21L	366
2022-06-24	Japan	Omicron 21L	469
2022-06-25	Japan	Omicron 21L	222
2022-06-26	Japan	Omicron 21L	133
2022-06-27	Japan	Omicron 21L	550
2022-06-28	Japan	Omicron 21L	337
2022-06-29	Japan	Omicron 21L	477
2022-06-30	Japan	Omicron 21L	385
2022-07-01	Japan	Omicron 21L	578
2022-07-02	Japan	Omicron 21L	427
2022-07-03	Japan	Omicron 21L	169
2022-07-04	Japan	Omicron 21L	823
2022-07-05	Japan	Omicron 21L	637
2022-07-06	Japan	Omicron 21L	557
2022-07-07	Japan	Omicron 21L	583
2022-07-08	Japan	Omicron 21L	551
2022-07-09	Japan	Omicron 21L	371
2022-07-10	Japan	Omicron 21L	123
2022-07-11	Japan	Omicron 21L	618
2022-07-12	Japan	Omicron 21L	430
2022-07-13	Japan	Omicron 21L	403
2022-07-14	Japan	Omicron 21L	331
2022-07-15	Japan	Omicron 21L	328
2022-07-16	Japan	Omicron 21L	201
2022-07-17	Japan	Omicron 21L	85
2022-07-18	Japan	Omicron 21L	98
2022-07-19	Japan	Omicron 21L	465
2022-07-20	Japan	Omicron 21L	139
2022-07-21	Japan	Omicron 21L	166
2022-07-22	Japan	Omicron 21L	124
2022-07-23	Japan	Omicron 21L	68
2022-07-24	Japan	Omicron 21L	50
2022-07-25	Japan	Omicron 21L	110
2022-07-26	Japan	Omicron 21L	90
2022-07-27	Japan	Omicron 21L	61
2022-07-28	Japan	Omicron 21L	58
2022-07-29	Japan	Omicron 21L	42
2022-07-30	Japan	Omicron 21L	35
2022-07-31	Japan	Omicron 21L	26
2022-08-01	Japan	Omicron 21L	63
2022-08-02	Japan	Omicron 21L	30
2022-08-03	Japan	Omicron 21L	42
2022-08-04	Japan	Omicron 21L	39
2022-08-05	Japan	Omicron 21L	27
2022-08-06	Japan	Omicron 21L	15
2022-08-07	Japan	Omicron 21L	11
2022-08-08	Japan	Omicron 21L	25
2022-08-09	Japan	Omicron 21L	22
2022-08-10	Japan	Omicron 21L	21
2022-08-11	Japan	Omicron 21L	12
2022-08-12	Japan	Omicron 21L	11
2022-08-13	Japan	Omicron 21L	4
2022-08-14	Japan	Omicron 21L	10
2022-08-15	Japan	Omicron 21L	10
2022-08-16	Japan	Omicron 21L	13
2022-08-17	Japan	Omicron 21L	8
2022-08-18	Japan	Omicron 21L	14
2022-08-19	Japan	Omicron 21L	6
2022-08-20	Japan	Omicron 21L	2
2022-08-21	Japan	Omicron 21L	1
2022-08-22	Japan	Omicron 21L	4
2022-08-24	Japan	Omicron 21L	1
2022-08-25	Japan	Omicron 21L	1
2022-08-26	Japan	Omicron 21L	1
2022-08-27	Japan	Omicron 21L	1
2022-08-29	Japan	Omicron 21L	1
2022-08-30	Japan	Omicron 21L	1
2022-06-07	Japan	Omicron 22A	1
2022-06-08	Japan	Omicron 22A	1
2022-06-10	Japan	Omicron 22A	2
2022-06-12	Japan	Omicron 22A	1
2022-06-13	Japan	Omicron 22A	4
2022-06-14	Japan	Omicron 22A	3
2022-06-15	Japan	Omicron 22A	5
2022-06-16	Japan	Omicron 22A	2
2022-06-17	Japan	Omicron 22A	9
2022-06-18	Japan	Omicron 22A	4
2022-06-19	Japan	Omicron 22A	4
2022-06-20	Japan	Omicron 22A	16
2022-06-21	Japan	Omicron 22A	8
2022-06-22	Japan	Omicron 22A	13
2022-06-23	Japan	Omicron 22A	7
2022-06-24	Japan	Omicron 22A	9
2022-06-25	Japan	Omicron 22A	3
2022-06-26	Japan	Omicron 22A	2
2022-06-27	Japan	Omicron 22A	17
2022-06-28	Japan	Omicron 22A	10
2022-06-29	Japan	Omicron 22A	14
2022-06-30	Japan	Omicron 22A	21
2022-07-01	Japan	Omicron 22A	31
2022-07-02	Japan	Omicron 22A	29
2022-07-03	Japan	Omicron 22A	4
2022-07-04	Japan	Omicron 22A	72
2022-07-05	Japan	Omicron 22A	38
2022-07-06	Japan	Omicron 22A	49
2022-07-07	Japan	Omicron 22A	37
2022-07-08	Japan	Omicron 22A	43
2022-07-09	Japan	Omicron 22A	38
2022-07-10	Japan	Omicron 22A	6
2022-07-11	Japan	Omicron 22A	52
2022-07-12	Japan	Omicron 22A	37
2022-07-13	Japan	Omicron 22A	49
2022-07-14	Japan	Omicron 22A	29
2022-07-15	Japan	Omicron 22A	28
2022-07-16	Japan	Omicron 22A	19
2022-07-17	Japan	Omicron 22A	8
2022-07-18	Japan	Omicron 22A	11
2022-07-19	Japan	Omicron 22A	55
2022-07-20	Japan	Omicron 22A	8
2022-07-21	Japan	Omicron 22A	26
2022-07-22	Japan	Omicron 22A	16
2022-07-23	Japan	Omicron 22A	5
2022-07-24	Japan	Omicron 22A	5
2022-07-25	Japan	Omicron 22A	14
2022-07-26	Japan	Omicron 22A	16
2022-07-27	Japan	Omicron 22A	7
2022-07-28	Japan	Omicron 22A	2
2022-07-29	Japan	Omicron 22A	2
2022-07-30	Japan	Omicron 22A	4
2022-07-31	Japan	Omicron 22A	7
2022-08-01	Japan	Omicron 22A	8
2022-08-02	Japan	Omicron 22A	8
2022-08-03	Japan	Omicron 22A	4
2022-08-04	Japan	Omicron 22A	7
2022-08-05	Japan	Omicron 22A	3
2022-08-06	Japan	Omicron 22A	4
2022-08-08	Japan	Omicron 22A	1
2022-08-09	Japan	Omicron 22A	4
2022-08-10	Japan	Omicron 22A	9
2022-08-11	Japan	Omicron 22A	1
2022-08-12	Japan	Omicron 22A	10
2022-08-13	Japan	Omicron 22A	2
2022-08-14	Japan	Omicron 22A	3
2022-08-15	Japan	Omicron 22A	2
2022-08-16	Japan	Omicron 22A	5
2022-08-17	Japan	Omicron 22A	2
2022-08-18	Japan	Omicron 22A	2
2022-08-19	Japan	Omicron 22A	2
2022-08-20	Japan	Omicron 22A	3
2022-08-22	Japan	Omicron 22A	4
2022-08-23	Japan	Omicron 22A	1
2022-08-24	Japan	Omicron 22A	1
2022-06-04	Japan	Omicron 22B	5
2022-06-05	Japan	Omicron 22B	3
2022-06-06	Japan	Omicron 22B	19
2022-06-07	Japan	Omicron 22B	4
2022-06-08	Japan	Omicron 22B	19
2022-06-09	Japan	Omicron 22B	10
2022-06-10	Japan	Omicron 22B	24
2022-06-11	Japan	Omicron 22B	13
2022-06-12	Japan	Omicron 22B	19
2022-06-13	Japan	Omicron 22B	58
2022-06-14	Japan	Omicron 22B	29
2022-06-15	Japan	Omicron 22B	53
2022-06-16	Japan	Omicron 22B	45
2022-06-17	Japan	Omicron 22B	73
2022-06-18	Japan	Omicron 22B	58
2022-06-19	Japan	Omicron 22B	39
2022-06-20	Japan	Omicron 22B	183
2022-06-21	Japan	Omicron 22B	89
2022-06-22	Japan	Omicron 22B	169
2022-06-23	Japan	Omicron 22B	126
2022-06-24	Japan	Omicron 22B	211
2022-06-25	Japan	Omicron 22B	93
2022-06-26	Japan	Omicron 22B	57
2022-06-27	Japan	Omicron 22B	344
2022-06-28	Japan	Omicron 22B	180
2022-06-29	Japan	Omicron 22B	381
2022-06-30	Japan	Omicron 22B	248
2022-07-01	Japan	Omicron 22B	638
2022-07-02	Japan	Omicron 22B	572
2022-07-03	Japan	Omicron 22B	210
2022-07-04	Japan	Omicron 22B	1659
2022-07-05	Japan	Omicron 22B	1327
2022-07-06	Japan	Omicron 22B	1343
2022-07-07	Japan	Omicron 22B	1508
2022-07-08	Japan	Omicron 22B	1608
2022-07-09	Japan	Omicron 22B	1218
2022-07-10	Japan	Omicron 22B	301
2022-07-11	Japan	Omicron 22B	2596
2022-07-12	Japan	Omicron 22B	1983
2022-07-13	Japan	Omicron 22B	1922
2022-07-14	Japan	Omicron 22B	1687
2022-07-15	Japan	Omicron 22B	1769
2022-07-16	Japan	Omicron 22B	1249
2022-07-17	Japan	Omicron 22B	340
2022-07-18	Japan	Omicron 22B	532
2022-07-19	Japan	Omicron 22B	3863
2022-07-20	Japan	Omicron 22B	1035
2022-07-21	Japan	Omicron 22B	1162
2022-07-22	Japan	Omicron 22B	852
2022-07-23	Japan	Omicron 22B	620
2022-07-24	Japan	Omicron 22B	395
2022-07-25	Japan	Omicron 22B	1086
2022-07-26	Japan	Omicron 22B	1253
2022-07-27	Japan	Omicron 22B	872
2022-07-28	Japan	Omicron 22B	852
2022-07-29	Japan	Omicron 22B	720
2022-07-30	Japan	Omicron 22B	457
2022-07-31	Japan	Omicron 22B	315
2022-08-01	Japan	Omicron 22B	1007
2022-08-02	Japan	Omicron 22B	956
2022-08-03	Japan	Omicron 22B	853
2022-08-04	Japan	Omicron 22B	854
2022-08-05	Japan	Omicron 22B	753
2022-08-06	Japan	Omicron 22B	429
2022-08-07	Japan	Omicron 22B	333
2022-08-08	Japan	Omicron 22B	800
2022-08-09	Japan	Omicron 22B	838
2022-08-10	Japan	Omicron 22B	739
2022-08-11	Japan	Omicron 22B	350
2022-08-12	Japan	Omicron 22B	726
2022-08-13	Japan	Omicron 22B	354
2022-08-14	Japan	Omicron 22B	347
2022-08-15	Japan	Omicron 22B	612
2022-08-16	Japan	Omicron 22B	601
2022-08-17	Japan	Omicron 22B	543
2022-08-18	Japan	Omicron 22B	607
2022-08-19	Japan	Omicron 22B	474
2022-08-20	Japan	Omicron 22B	288
2022-08-21	Japan	Omicron 22B	222
2022-08-22	Japan	Omicron 22B	375
2022-08-23	Japan	Omicron 22B	313
2022-08-24	Japan	Omicron 22B	207
2022-08-25	Japan	Omicron 22B	184
2022-08-26	Japan	Omicron 22B	159
2022-08-27	Japan	Omicron 22B	140
2022-08-28	Japan	Omicron 22B	68
2022-08-29	Japan	Omicron 22B	36
2022-08-30	Japan	Omicron 22B	17
2022-08-31	Japan	Omicron 22B	10
2022-09-01	Japan	Omicron 22B	43
2022-06-04	Japan	Omicron 22C	2
2022-06-05	Japan	Omicron 22C	6
2022-06-06	Japan	Omicron 22C	21
2022-06-07	Japan	Omicron 22C	10
2022-06-08	Japan	Omicron 22C	6
2022-06-09	Japan	Omicron 22C	7
2022-06-10	Japan	Omicron 22C	16
2022-06-11	Japan	Omicron 22C	9
2022-06-12	Japan	Omicron 22C	10
2022-06-13	Japan	Omicron 22C	19
2022-06-14	Japan	Omicron 22C	14
2022-06-15	Japan	Omicron 22C	25
2022-06-16	Japan	Omicron 22C	16
2022-06-17	Japan	Omicron 22C	16
2022-06-18	Japan	Omicron 22C	9
2022-06-19	Japan	Omicron 22C	7
2022-06-20	Japan	Omicron 22C	43
2022-06-21	Japan	Omicron 22C	19
2022-06-22	Japan	Omicron 22C	26
2022-06-23	Japan	Omicron 22C	18
2022-06-24	Japan	Omicron 22C	18
2022-06-25	Japan	Omicron 22C	4
2022-06-26	Japan	Omicron 22C	6
2022-06-27	Japan	Omicron 22C	29
2022-06-28	Japan	Omicron 22C	15
2022-06-29	Japan	Omicron 22C	37
2022-06-30	Japan	Omicron 22C	15
2022-07-01	Japan	Omicron 22C	37
2022-07-02	Japan	Omicron 22C	30
2022-07-03	Japan	Omicron 22C	11
2022-07-04	Japan	Omicron 22C	73
2022-07-05	Japan	Omicron 22C	48
2022-07-06	Japan	Omicron 22C	63
2022-07-07	Japan	Omicron 22C	70
2022-07-08	Japan	Omicron 22C	74
2022-07-09	Japan	Omicron 22C	52
2022-07-10	Japan	Omicron 22C	11
2022-07-11	Japan	Omicron 22C	90
2022-07-12	Japan	Omicron 22C	56
2022-07-13	Japan	Omicron 22C	42
2022-07-14	Japan	Omicron 22C	57
2022-07-15	Japan	Omicron 22C	43
2022-07-16	Japan	Omicron 22C	32
2022-07-17	Japan	Omicron 22C	7
2022-07-18	Japan	Omicron 22C	8
2022-07-19	Japan	Omicron 22C	55
2022-07-20	Japan	Omicron 22C	11
2022-07-21	Japan	Omicron 22C	14
2022-07-22	Japan	Omicron 22C	15
2022-07-23	Japan	Omicron 22C	5
2022-07-24	Japan	Omicron 22C	8
2022-07-25	Japan	Omicron 22C	10
2022-07-26	Japan	Omicron 22C	11
2022-07-27	Japan	Omicron 22C	7
2022-07-28	Japan	Omicron 22C	10
2022-07-29	Japan	Omicron 22C	3
2022-07-30	Japan	Omicron 22C	6
2022-07-31	Japan	Omicron 22C	4
2022-08-01	Japan	Omicron 22C	13
2022-08-02	Japan	Omicron 22C	7
2022-08-03	Japan	Omicron 22C	5
2022-08-04	Japan	Omicron 22C	10
2022-08-05	Japan	Omicron 22C	4
2022-08-06	Japan	Omicron 22C	1
2022-08-08	Japan	Omicron 22C	3
2022-08-09	Japan	Omicron 22C	2
2022-08-10	Japan	Omicron 22C	3
2022-08-11	Japan	Omicron 22C	1
2022-08-12	Japan	Omicron 22C	3
2022-08-14	Japan	Omicron 22C	2
2022-08-16	Japan	Omicron 22C	3
2022-08-18	Japan	Omicron 22C	1
2022-08-19	Japan	Omicron 22C	1
2022-08-22	Japan	Omicron 22C	2
2022-08-23	Japan	Omicron 22C	2
2022-08-25	Japan	Omicron 22C	1
2022-08-30	Japan	Omicron 22C	1
2022-06-13	Japan	Omicron 22D	2
2022-06-24	Japan	Omicron 22D	1
2022-07-01	Japan	Omicron 22D	1
2022-07-04	Japan	Omicron 22D	1
2022-07-05	Japan	Omicron 22D	1
2022-07-06	Japan	Omicron 22D	5
2022-07-07	Japan	Omicron 22D	2
2022-07-08	Japan	Omicron 22D	1
2022-07-09	Japan	Omicron 22D	1
2022-07-10	Japan	Omicron 22D	2
2022-07-11	Japan	Omicron 22D	1
2022-07-12	Japan	Omicron 22D	4
2022-07-13	Japan	Omicron 22D	2
2022-07-14	Japan	Omicron 22D	1
2022-07-15	Japan	Omicron 22D	1
2022-07-17	Japan	Omicron 22D	1
2022-07-19	Japan	Omicron 22D	6
2022-07-20	Japan	Omicron 22D	2
2022-07-21	Japan	Omicron 22D	8
2022-07-22	Japan	Omicron 22D	1
2022-07-23	Japan	Omicron 22D	3
2022-07-24	Japan	Omicron 22D	1
2022-07-25	Japan	Omicron 22D	4
2022-07-26	Japan	Omicron 22D	2
2022-07-27	Japan	Omicron 22D	3
2022-07-28	Japan	Omicron 22D	1
2022-07-29	Japan	Omicron 22D	1
2022-07-30	Japan	Omicron 22D	1
2022-07-31	Japan	Omicron 22D	1
2022-08-02	Japan	Omicron 22D	3
2022-08-03	Japan	Omicron 22D	1
2022-08-04	Japan	Omicron 22D	1
2022-08-06	Japan	Omicron 22D	4
2022-08-09	Japan	Omicron 22D	1
2022-08-14	Japan	Omicron 22D	1
2022-08-16	Japan	Omicron 22D	2
2022-08-19	Japan	Omicron 22D	1
2022-08-22	Japan	Omicron 22D	2
2022-08-23	Japan	Omicron 22D	1
2022-08-24	Japan	Omicron 22D	1
2022-08-25	Japan	Omicron 22D	1
2022-08-28	Japan	Omicron 22D	1
2022-06-07	Japan	other	1
2022-06-09	Japan	other	1
2022-06-11	Japan	other	2
2022-06-13	Japan	other	1
2022-06-14	Japan	other	3
2022-06-20	Japan	other	1
2022-06-21	Japan	other	1
2022-06-24	Japan	other	3
2022-06-25	Japan	other	1
2022-06-27	Japan	other	1
2022-06-29	Japan	other	2
2022-06-30	Japan	other	2
2022-07-01	Japan	other	3
2022-07-02	Japan	other	3
2022-07-03	Japan	other	1
2022-07-04	Japan	other	1
2022-07-05	Japan	other	4
2022-07-06	Japan	other	2
2022-07-08	Japan	other	3
2022-07-10	Japan	other	1
2022-07-11	Japan	other	5
2022-07-12	Japan	other	1
2022-07-13	Japan	other	5
2022-07-15	Japan	other	1
2022-07-16	Japan	other	4
2022-07-18	Japan	other	1
2022-07-19	Japan	other	4
2022-07-21	Japan	other	1
2022-07-25	Japan	other	1
2022-07-29	Japan	other	1
2022-07-30	Japan	other	3
2022-07-31	Japan	other	1
2022-08-01	Japan	other	1
2022-08-02	Japan	other	1
2022-08-03	Japan	other	1
2022-08-04	Japan	other	1
2022-08-05	Japan	other	2
2022-08-07	Japan	other	2
2022-08-08	Japan	other	1
2022-08-09	Japan	other	1
2022-08-10	Japan	other	1
2022-08-12	Japan	other	1
2022-08-14	Japan	other	1
2022-08-16	Japan	other	1
2022-08-17	Japan	other	1
2022-08-19	Japan	other	1
2022-08-21	Japan	other	2
2022-08-25	Japan	other	2
2022-08-27	Japan	other	1
2022-06-17	South Africa	Delta	1
2022-06-22	South Africa	Delta	1
2022-06-28	South Africa	Delta	1
2022-07-16	South Africa	Delta	1
2022-06-07	South Africa	Omicron 21K	1
2022-06-09	South Africa	Omicron 21K	1
2022-06-12	South Africa	Omicron 21K	2
2022-06-13	South Africa	Omicron 21K	1
2022-06-23	South Africa	Omicron 21K	1
2022-06-27	South Africa	Omicron 21K	1
2022-07-01	South Africa	Omicron 21K	1
2022-07-02	South Africa	Omicron 21K	2
2022-07-04	South Africa	Omicron 21K	1
2022-07-05	South Africa	Omicron 21K	1
2022-07-11	South Africa	Omicron 21K	1
2022-07-16	South Africa	Omicron 21K	1
2022-07-17	South Africa	Omicron 21K	1
2022-08-01	South Africa	Omicron 21K	1
2022-08-03	South Africa	Omicron 21K	1
2022-08-12	South Africa	Omicron 21K	1
2022-06-04	South Africa	Omicron 21L	2
2022-06-05	South Africa	Omicron 21L	2
2022-06-06	South Africa	Omicron 21L	2
2022-06-07	South Africa	Omicron 21L	1
2022-06-08	South Africa	Omicron 21L	2
2022-06-13	South Africa	Omicron 21L	1
2022-06-15	South Africa	Omicron 21L	2
2022-06-20	South Africa	Omicron 21L	4
2022-06-21	South Africa	Omicron 21L	1
2022-06-22	South Africa	Omicron 21L	5
2022-06-23	South Africa	Omicron 21L	2
2022-06-26	South Africa	Omicron 21L	2
2022-06-28	South Africa	Omicron 21L	3
2022-06-29	South Africa	Omicron 21L	1
2022-07-02	South Africa	Omicron 21L	1
2022-07-05	South Africa	Omicron 21L	2
2022-07-17	South Africa	Omicron 21L	1
2022-07-21	South Africa	Omicron 21L	1
2022-08-03	South Africa	Omicron 21L	1
2022-08-05	South Africa	Omicron 21L	1
2022-08-08	South Africa	Omicron 21L	1
2022-06-04	South Africa	Omicron 22A	13
2022-06-05	South Africa	Omicron 22A	11
2022-06-06	South Africa	Omicron 22A	59
2022-06-07	South Africa	Omicron 22A	35
2022-06-08	South Africa	Omicron 22A	19
2022-06-09	South Africa	Omicron 22A	23
2022-06-10	South Africa	Omicron 22A	15
2022-06-11	South Africa	Omicron 22A	9
2022-06-12	South Africa	Omicron 22A	8
2022-06-13	South Africa	Omicron 22A	26
2022-06-14	South Africa	Omicron 22A	15
2022-06-15	South Africa	Omicron 22A	19
2022-06-16	South Africa	Omicron 22A	7
2022-06-17	South Africa	Omicron 22A	19
2022-06-18	South Africa	Omicron 22A	12
2022-06-19	South Africa	Omicron 22A	13
2022-06-20	South Africa	Omicron 22A	30
2022-06-21	South Africa	Omicron 22A	14
2022-06-22	South Africa	Omicron 22A	23
2022-06-23	South Africa	Omicron 22A	11
2022-06-24	South Africa	Omicron 22A	12
2022-06-25	South Africa	Omicron 22A	6
2022-06-27	South Africa	Omicron 22A	5
2022-06-28	South Africa	Omicron 22A	14
2022-06-29	South Africa	Omicron 22A	6
2022-06-30	South Africa	Omicron 22A	8
2022-07-01	South Africa	Omicron 22A	9
2022-07-02	South Africa	Omicron 22A	7
2022-07-03	South Africa	Omicron 22A	2
2022-07-04	South Africa	Omicron 22A	3
2022-07-05	South Africa	Omicron 22A	6
2022-07-06	South Africa	Omicron 22A	3
2022-07-07	South Africa	Omicron 22A	7
2022-07-08	South Africa	Omicron 22A	8
2022-07-09	South Africa	Omicron 22A	3
2022-07-10	South Africa	Omicron 22A	1
2022-07-11	South Africa	Omicron 22A	16
2022-07-12	South Africa	Omicron 22A	7
2022-07-13	South Africa	Omicron 22A	11
2022-07-14	South Africa	Omicron 22A	3
2022-07-15	South Africa	Omicron 22A	8
2022-07-17	South Africa	Omicron 22A	3
2022-07-18	South Africa	Omicron 22A	7
2022-07-19	South Africa	Omicron 22A	3
2022-07-20	South Africa	Omicron 22A	5
2022-07-22	South Africa	Omicron 22A	6
2022-07-23	South Africa	Omicron 22A	2
2022-07-24	South Africa	Omicron 22A	1
2022-07-25	South Africa	Omicron 22A	1
2022-07-26	South Africa	Omicron 22A	2
2022-07-27	South Africa	Omicron 22A	5
2022-07-28	South Africa	Omicron 22A	2
2022-07-29	South Africa	Omicron 22A	5
2022-07-30	South Africa	Omicron 22A	2
2022-07-31	South Africa	Omicron 22A	3
2022-08-01	South Africa	Omicron 22A	2
2022-08-02	South Africa	Omicron 22A	3
2022-08-03	South Africa	Omicron 22A	4
2022-08-04	South Africa	Omicron 22A	3
2022-08-05	South Africa	Omicron 22A	1
2022-08-06	South Africa	Omicron 22A	1
2022-08-08	South Africa	Omicron 22A	1
2022-08-09	South Africa	Omicron 22A	1
2022-08-10	South Africa	Omicron 22A	3
2022-08-11	South Africa	Omicron 22A	1
2022-08-12	South Africa	Omicron 22A	1
2022-08-13	South Africa	Omicron 22A	2
2022-08-14	South Africa	Omicron 22A	2
2022-08-15	South Africa	Omicron 22A	1
2022-08-17	South Africa	Omicron 22A	1
2022-08-18	South Africa	Omicron 22A	3
2022-08-19	South Africa	Omicron 22A	1
2022-08-20	South Africa	Omicron 22A	2
2022-08-22	South Africa	Omicron 22A	2
2022-08-23	South Africa	Omicron 22A	3
2022-08-24	South Africa	Omicron 22A	1
2022-06-04	South Africa	Omicron 22B	14
2022-06-05	South Africa	Omicron 22B	7
2022-06-06	South Africa	Omicron 22B	38
2022-06-07	South Africa	Omicron 22B	25
2022-06-08	South Africa	Omicron 22B	23
2022-06-09	South Africa	Omicron 22B	13
2022-06-10	South Africa	Omicron 22B	15
2022-06-11	South Africa	Omicron 22B	15
2022-06-12	South Africa	Omicron 22B	9
2022-06-13	South Africa	Omicron 22B	23
2022-06-14	South Africa	Omicron 22B	11
2022-06-15	South Africa	Omicron 22B	24
2022-06-16	South Africa	Omicron 22B	2
2022-06-17	South Africa	Omicron 22B	12
2022-06-18	South Africa	Omicron 22B	6
2022-06-19	South Africa	Omicron 22B	3
2022-06-20	South Africa	Omicron 22B	14
2022-06-21	South Africa	Omicron 22B	14
2022-06-22	South Africa	Omicron 22B	20
2022-06-23	South Africa	Omicron 22B	6
2022-06-24	South Africa	Omicron 22B	6
2022-06-25	South Africa	Omicron 22B	2
2022-06-26	South Africa	Omicron 22B	3
2022-06-27	South Africa	Omicron 22B	11
2022-06-28	South Africa	Omicron 22B	13
2022-06-29	South Africa	Omicron 22B	16
2022-06-30	South Africa	Omicron 22B	11
2022-07-01	South Africa	Omicron 22B	12
2022-07-02	South Africa	Omicron 22B	5
2022-07-03	South Africa	Omicron 22B	7
2022-07-04	South Africa	Omicron 22B	15
2022-07-05	South Africa	Omicron 22B	15
2022-07-06	South Africa	Omicron 22B	17
2022-07-07	South Africa	Omicron 22B	12
2022-07-08	South Africa	Omicron 22B	14
2022-07-09	South Africa	Omicron 22B	7
2022-07-10	South Africa	Omicron 22B	3
2022-07-11	South Africa	Omicron 22B	23
2022-07-12	South Africa	Omicron 22B	14
2022-07-13	South Africa	Omicron 22B	20
2022-07-14	South Africa	Omicron 22B	6
2022-07-15	South Africa	Omicron 22B	8
2022-07-16	South Africa	Omicron 22B	4
2022-07-17	South Africa	Omicron 22B	10
2022-07-18	South Africa	Omicron 22B	15
2022-07-19	South Africa	Omicron 22B	25
2022-07-20	South Africa	Omicron 22B	16
2022-07-21	South Africa	Omicron 22B	14
2022-07-22	South Africa	Omicron 22B	10
2022-07-23	South Africa	Omicron 22B	4
2022-07-24	South Africa	Omicron 22B	1
2022-07-25	South Africa	Omicron 22B	5
2022-07-26	South Africa	Omicron 22B	2
2022-07-27	South Africa	Omicron 22B	14
2022-07-28	South Africa	Omicron 22B	3
2022-07-29	South Africa	Omicron 22B	7
2022-07-30	South Africa	Omicron 22B	3
2022-08-01	South Africa	Omicron 22B	14
2022-08-02	South Africa	Omicron 22B	3
2022-08-03	South Africa	Omicron 22B	15
2022-08-04	South Africa	Omicron 22B	2
2022-08-05	South Africa	Omicron 22B	6
2022-08-06	South Africa	Omicron 22B	3
2022-08-08	South Africa	Omicron 22B	5
2022-08-09	South Africa	Omicron 22B	4
2022-08-10	South Africa	Omicron 22B	16
2022-08-11	South Africa	Omicron 22B	6
2022-08-12	South Africa	Omicron 22B	6
2022-08-13	South Africa	Omicron 22B	5
2022-08-15	South Africa	Omicron 22B	9
2022-08-16	South Africa	Omicron 22B	8
2022-08-17	South Africa	Omicron 22B	5
2022-08-18	South Africa	Omicron 22B	2
2022-08-19	South Africa	Omicron 22B	4
2022-08-21	South Africa	Omicron 22B	2
2022-08-22	South Africa	Omicron 22B	3
2022-08-23	South Africa	Omicron 22B	3
2022-08-24	South Africa	Omicron 22B	3
2022-09-01	South Africa	Omicron 22B	3
2022-06-05	South Africa	Omicron 22C	1
2022-06-20	South Africa	Omicron 22C	1
2022-06-21	South Africa	Omicron 22C	2
2022-07-05	South Africa	Omicron 22C	1
2022-07-12	South Africa	Omicron 22C	1
2022-07-13	South Africa	Omicron 22C	1
2022-07-26	South Africa	Omicron 22D	1
2022-06-07	South Africa	other	1
2022-06-13	South Africa	other	1
2022-06-24	South Africa	other	3
2022-06-28	South Africa	other	1
2022-06-29	South Africa	other	4
2022-07-04	South Africa	other	1
2022-07-18	South Africa	other	1
2022-08-07	South Africa	other	1
2022-08-08	South Africa	other	2
2022-06-05	USA	Delta	1
2022-06-22	USA	Delta	2
2022-06-28	USA	Delta	1
2022-06-29	USA	Delta	1
2022-07-17	USA	Delta	1
2022-07-25	USA	Delta	1
2022-06-04	USA	Omicron 21K	3
2022-06-05	USA	Omicron 21K	6
2022-06-06	USA	Omicron 21K	4
2022-06-07	USA	Omicron 21K	7
2022-06-08	USA	Omicron 21K	4
2022-06-09	USA	Omicron 21K	6
2022-06-10	USA	Omicron 21K	6
2022-06-11	USA	Omicron 21K	1
2022-06-12	USA	Omicron 21K	3
2022-06-13	USA	Omicron 21K	3
2022-06-14	USA	Omicron 21K	5
2022-06-15	USA	Omicron 21K	5
2022-06-16	USA	Omicron 21K	3
2022-06-17	USA	Omicron 21K	7
2022-06-19	USA	Omicron 21K	4
2022-06-20	USA	Omicron 21K	14
2022-06-21	USA	Omicron 21K	5
2022-06-22	USA	Omicron 21K	6
2022-06-23	USA	Omicron 21K	5
2022-06-24	USA	Omicron 21K	3
2022-06-25	USA	Omicron 21K	2
2022-06-26	USA	Omicron 21K	1
2022-06-27	USA	Omicron 21K	5
2022-06-28	USA	Omicron 21K	6
2022-06-29	USA	Omicron 21K	1
2022-06-30	USA	Omicron 21K	3
2022-07-01	USA	Omicron 21K	3
2022-07-03	USA	Omicron 21K	1
2022-07-04	USA	Omicron 21K	2
2022-07-05	USA	Omicron 21K	4
2022-07-06	USA	Omicron 21K	1
2022-07-07	USA	Omicron 21K	1
2022-07-08	USA	Omicron 21K	3
2022-07-09	USA	Omicron 21K	3
2022-07-10	USA	Omicron 21K	1
2022-07-11	USA	Omicron 21K	4
2022-07-12	USA	Omicron 21K	3
2022-07-13	USA	Omicron 21K	1
2022-07-14	USA	Omicron 21K	1
2022-07-15	USA	Omicron 21K	4
2022-07-16	USA	Omicron 21K	1
2022-07-18	USA	Omicron 21K	3
2022-07-19	USA	Omicron 21K	1
2022-07-20	USA	Omicron 21K	4
2022-07-21	USA	Omicron 21K	2
2022-07-22	USA	Omicron 21K	3
2022-07-24	USA	Omicron 21K	1
2022-07-28	USA	Omicron 21K	2
2022-07-29	USA	Omicron 21K	1
2022-07-30	USA	Omicron 21K	1
2022-08-01	USA	Omicron 21K	1
2022-08-02	USA	Omicron 21K	1
2022-08-04	USA	Omicron 21K	2
2022-08-05	USA	Omicron 21K	4
2022-08-07	USA	Omicron 21K	2
2022-08-09	USA	Omicron 21K	1
2022-08-10	USA	Omicron 21K	3
2022-08-11	USA	Omicron 21K	2
2022-08-18	USA	Omicron 21K	1
2022-08-19	USA	Omicron 21K	1
2022-08-21	USA	Omicron 21K	1
2022-08-22	USA	Omicron 21K	1
2022-08-23	USA	Omicron 21K	2
2022-08-24	USA	Omicron 21K	1
2022-08-25	USA	Omicron 21K	1
2022-08-29	USA	Omicron 21K	1
2022-09-01	USA	Omicron 21K	3
2022-06-04	USA	Omicron 21L	764
2022-06-05	USA	Omicron 21L	737
2022-06-06	USA	Omicron 21L	1449
2022-06-07	USA	Omicron 21L	1202
2022-06-08	USA	Omicron 21L	1037
2022-06-09	USA	Omicron 21L	949
2022-06-10	USA	Omicron 21L	805
2022-06-11	USA	Omicron 21L	519
2022-06-12	USA	Omicron 21L	495
2022-06-13	USA	Omicron 21L	852
2022-06-14	USA	Omicron 21L	634
2022-06-15	USA	Omicron 21L	746
2022-06-16	USA	Omicron 21L	657
2022-06-17	USA	Omicron 21L	527
2022-06-18	USA	Omicron 21L	380
2022-06-19	USA	Omicron 21L	248
2022-06-20	USA	Omicron 21L	537
2022-06-21	USA	Omicron 21L	473
2022-06-22	USA	Omicron 21L	471
2022-06-23	USA	Omicron 21L	390
2022-06-24	USA	Omicron 21L	358
2022-06-25	USA	Omicron 21L	232
2022-06-26	USA	Omicron 21L	192
2022-06-27	USA	Omicron 21L	415
2022-06-28	USA	Omicron 21L	312
2022-06-29	USA	Omicron 21L	227
2022-06-30	USA	Omicron 21L	225
2022-07-01	USA	Omicron 21L	259
2022-07-02	USA	Omicron 21L	139
2022-07-03	USA	Omicron 21L	134
2022-07-04	USA	Omicron 21L	70
2022-07-05	USA	Omicron 21L	330
2022-07-06	USA	Omicron 21L	192
2022-07-07	USA	Omicron 21L	185
2022-07-08	USA	Omicron 21L	184
2022-07-09	USA	Omicron 21L	102
2022-07-10	USA	Omicron 21L	94
2022-07-11	USA	Omicron 21L	166
2022-07-12	USA	Omicron 21L	123
2022-07-13	USA	Omicron 21L	115
2022-07-14	USA	Omicron 21L	112
2022-07-15	USA	Omicron 21L	104
2022-07-16	USA	Omicron 21L	85
2022-07-17	USA	Omicron 21L	78
2022-07-18	USA	Omicron 21L	91
2022-07-19	USA	Omicron 21L	83
2022-07-20	USA	Omicron 21L	61
2022-07-21	USA	Omicron 21L	66
2022-07-22	USA	Omicron 21L	62
2022-07-23	USA	Omicron 21L	38
2022-07-24	USA	Omicron 21L	49
2022-07-25	USA	Omicron 21L	83
2022-07-26	USA	Omicron 21L	49
2022-07-27	USA	Omicron 21L	32
2022-07-28	USA	Omicron 21L	38
2022-07-29	USA	Omicron 21L	41
2022-07-30	USA	Omicron 21L	30
2022-07-31	USA	Omicron 21L	23
2022-08-01	USA	Omicron 21L	45
2022-08-02	USA	Omicron 21L	30
2022-08-03	USA	Omicron 21L	31
2022-08-04	USA	Omicron 21L	29
2022-08-05	USA	Omicron 21L	19
2022-08-06	USA	Omicron 21L	12
2022-08-07	USA	Omicron 21L	9
2022-08-08	USA	Omicron 21L	21
2022-08-09	USA	Omicron 21L	12
2022-08-10	USA	Omicron 21L	14
2022-08-11	USA	Omicron 21L	13
2022-08-12	USA	Omicron 21L	11
2022-08-13	USA	Omicron 21L	15
2022-08-14	USA	Omicron 21L	7
2022-08-15	USA	Omicron 21L	15
2022-08-16	USA	Omicron 21L	4
2022-08-17	USA	Omicron 21L	13
2022-08-18	USA	Omicron 21L	7
2022-08-19	USA	Omicron 21L	7
2022-08-20	USA	Omicron 21L	4
2022-08-21	USA	Omicron 21L	8
2022-08-22	USA	Omicron 21L	6
2022-08-23	USA	Omicron 21L	10
2022-08-24	USA	Omicron 21L	5
2022-08-25	USA	Omicron 21L	6
2022-08-26	USA	Omicron 21L	3
2022-08-27	USA	Omicron 21L	6
2022-08-28	USA	Omicron 21L	3
2022-08-29	USA	Omicron 21L	8
2022-08-30	USA	Omicron 21L	7
2022-08-31	USA	Omicron 21L	2
2022-09-01	USA	Omicron 21L	1
2022-06-04	USA	Omicron 22A	306
2022-06-05	USA	Omicron 22A	342
2022-06-06	USA	Omicron 22A	661
2022-06-07	USA	Omicron 22A	607
2022-06-08	USA	Omicron 22A	529
2022-06-09	USA	Omicron 22A	586
2022-06-10	USA	Omicron 22A	528
2022-06-11	USA	Omicron 22A	426
2022-06-12	USA	Omicron 22A	347
2022-06-13	USA	Omicron 22A	692
2022-06-14	USA	Omicron 22A	639
2022-06-15	USA	Omicron 22A	806
2022-06-16	USA	Omicron 22A	696
2022-06-17	USA	Omicron 22A	703
2022-06-18	USA	Omicron 22A	452
2022-06-19	USA	Omicron 22A	359
2022-06-20	USA	Omicron 22A	726
2022-06-21	USA	Omicron 22A	830
2022-06-22	USA	Omicron 22A	897
2022-06-23	USA	Omicron 22A	792
2022-06-24	USA	Omicron 22A	724
2022-06-25	USA	Omicron 22A	500
2022-06-26	USA	Omicron 22A	528
2022-06-27	USA	Omicron 22A	1074
2022-06-28	USA	Omicron 22A	902
2022-06-29	USA	Omicron 22A	879
2022-06-30	USA	Omicron 22A	768
2022-07-01	USA	Omicron 22A	861
2022-07-02	USA	Omicron 22A	577
2022-07-03	USA	Omicron 22A	549
2022-07-04	USA	Omicron 22A	333
2022-07-05	USA	Omicron 22A	1468
2022-07-06	USA	Omicron 22A	1005
2022-07-07	USA	Omicron 22A	974
2022-07-08	USA	Omicron 22A	902
2022-07-09	USA	Omicron 22A	612
2022-07-10	USA	Omicron 22A	690
2022-07-11	USA	Omicron 22A	1233
2022-07-12	USA	Omicron 22A	842
2022-07-13	USA	Omicron 22A	802
2022-07-14	USA	Omicron 22A	829
2022-07-15	USA	Omicron 22A	814
2022-07-16	USA	Omicron 22A	716
2022-07-17	USA	Omicron 22A	649
2022-07-18	USA	Omicron 22A	983
2022-07-19	USA	Omicron 22A	822
2022-07-20	USA	Omicron 22A	656
2022-07-21	USA	Omicron 22A	624
2022-07-22	USA	Omicron 22A	730
2022-07-23	USA	Omicron 22A	514
2022-07-24	USA	Omicron 22A	467
2022-07-25	USA	Omicron 22A	962
2022-07-26	USA	Omicron 22A	641
2022-07-27	USA	Omicron 22A	589
2022-07-28	USA	Omicron 22A	552
2022-07-29	USA	Omicron 22A	546
2022-07-30	USA	Omicron 22A	438
2022-07-31	USA	Omicron 22A	472
2022-08-01	USA	Omicron 22A	896
2022-08-02	USA	Omicron 22A	628
2022-08-03	USA	Omicron 22A	568
2022-08-04	USA	Omicron 22A	526
2022-08-05	USA	Omicron 22A	469
2022-08-06	USA	Omicron 22A	290
2022-08-07	USA	Omicron 22A	312
2022-08-08	USA	Omicron 22A	643
2022-08-09	USA	Omicron 22A	385
2022-08-10	USA	Omicron 22A	413
2022-08-11	USA	Omicron 22A	468
2022-08-12	USA	Omicron 22A	456
2022-08-13	USA	Omicron 22A	361
2022-08-14	USA	Omicron 22A	335
2022-08-15	USA	Omicron 22A	542
2022-08-16	USA	Omicron 22A	395
2022-08-17	USA	Omicron 22A	420
2022-08-18	USA	Omicron 22A	416
2022-08-19	USA	Omicron 22A	423
2022-08-20	USA	Omicron 22A	269
2022-08-21	USA	Omicron 22A	325
2022-08-22	USA	Omicron 22A	530
2022-08-23	USA	Omicron 22A	363
2022-08-24	USA	Omicron 22A	294
2022-08-25	USA	Omicron 22A	295
2022-08-26	USA	Omicron 22A	390
2022-08-27	USA	Omicron 22A	405
2022-08-28	USA	Omicron 22A	319
2022-08-29	USA	Omicron 22A	375
2022-08-30	USA	Omicron 22A	284
2022-08-31	USA	Omicron 22A	137
2022-09-01	USA	Omicron 22A	82
2022-06-04	USA	Omicron 22B	504
2022-06-05	USA	Omicron 22B	535
2022-06-06	USA	Omicron 22B	1182
2022-06-07	USA	Omicron 22B	1166
2022-06-08	USA	Omicron 22B	1186
2022-06-09	USA	Omicron 22B	1133
2022-06-10	USA	Omicron 22B	1165
2022-06-11	USA	Omicron 22B	808
2022-06-12	USA	Omicron 22B	911
2022-06-13	USA	Omicron 22B	1723
2022-06-14	USA	Omicron 22B	1577
2022-06-15	USA	Omicron 22B	1866
2022-06-16	USA	Omicron 22B	1705
2022-06-17	USA	Omicron 22B	1781
2022-06-18	USA	Omicron 22B	1214
2022-06-19	USA	Omicron 22B	1019
2022-06-20	USA	Omicron 22B	2245
2022-06-21	USA	Omicron 22B	2594
2022-06-22	USA	Omicron 22B	2667
2022-06-23	USA	Omicron 22B	2520
2022-06-24	USA	Omicron 22B	2337
2022-06-25	USA	Omicron 22B	1722
2022-06-26	USA	Omicron 22B	1918
2022-06-27	USA	Omicron 22B	4039
2022-06-28	USA	Omicron 22B	3388
2022-06-29	USA	Omicron 22B	3303
2022-06-30	USA	Omicron 22B	3160
2022-07-01	USA	Omicron 22B	3515
2022-07-02	USA	Omicron 22B	2350
2022-07-03	USA	Omicron 22B	2342
2022-07-04	USA	Omicron 22B	1498
2022-07-05	USA	Omicron 22B	6549
2022-07-06	USA	Omicron 22B	5096
2022-07-07	USA	Omicron 22B	4360
2022-07-08	USA	Omicron 22B	4452
2022-07-09	USA	Omicron 22B	3306
2022-07-10	USA	Omicron 22B	3579
2022-07-11	USA	Omicron 22B	5918
2022-07-12	USA	Omicron 22B	4799
2022-07-13	USA	Omicron 22B	4409
2022-07-14	USA	Omicron 22B	4495
2022-07-15	USA	Omicron 22B	4370
2022-07-16	USA	Omicron 22B	3976
2022-07-17	USA	Omicron 22B	3718
2022-07-18	USA	Omicron 22B	6051
2022-07-19	USA	Omicron 22B	5264
2022-07-20	USA	Omicron 22B	4277
2022-07-21	USA	Omicron 22B	4011
2022-07-22	USA	Omicron 22B	4697
2022-07-23	USA	Omicron 22B	2880
2022-07-24	USA	Omicron 22B	3277
2022-07-25	USA	Omicron 22B	6055
2022-07-26	USA	Omicron 22B	4773
2022-07-27	USA	Omicron 22B	4138
2022-07-28	USA	Omicron 22B	4030
2022-07-29	USA	Omicron 22B	3855
2022-07-30	USA	Omicron 22B	3015
2022-07-31	USA	Omicron 22B	3406
2022-08-01	USA	Omicron 22B	6538
2022-08-02	USA	Omicron 22B	4640
2022-08-03	USA	Omicron 22B	4075
2022-08-04	USA	Omicron 22B	3703
2022-08-05	USA	Omicron 22B	3122
2022-08-06	USA	Omicron 22B	2114
2022-08-07	USA	Omicron 22B	2166
2022-08-08	USA	Omicron 22B	4129
2022-08-09	USA	Omicron 22B	3105
2022-08-10	USA	Omicron 22B	3236
2022-08-11	USA	Omicron 22B	3723
2022-08-12	USA	Omicron 22B	3484
2022-08-13	USA	Omicron 22B	2678
2022-08-14	USA	Omicron 22B	2380
2022-08-15	USA	Omicron 22B	4031
2022-08-16	USA	Omicron 22B	3445
2022-08-17	USA	Omicron 22B	3278
2022-08-18	USA	Omicron 22B	3031
2022-08-19	USA	Omicron 22B	3122
2022-08-20	USA	Omicron 22B	2208
2022-08-21	USA	Omicron 22B	2368
2022-08-22	USA	Omicron 22B	4051
2022-08-23	USA	Omicron 22B	2725
2022-08-24	USA	Omicron 22B	2324
2022-08-25	USA	Omicron 22B	2069
2022-08-26	USA	Omicron 22B	2676
2022-08-27	USA	Omicron 22B	2656
2022-08-28	USA	Omicron 22B	2231
2022-08-29	USA	Omicron 22B	2990
2022-08-30	USA	Omicron 22B	1867
2022-08-31	USA	Omicron 22B	825
2022-09-01	USA	Omicron 22B	573
2022-06-04	USA	Omicron 22C	2480
2022-06-05	USA	Omicron 22C	2515
2022-06-06	USA	Omicron 22C	4704
2022-06-07	USA	Omicron 22C	4200
2022-06-08	USA	Omicron 22C	3483
2022-06-09	USA	Omicron 22C	3314
2022-06-10	USA	Omicron 22C	2904
2022-06-11	USA	Omicron 22C	1960
2022-06-12	USA	Omicron 22C	1839
2022-06-13	USA	Omicron 22C	3376
2022-06-14	USA	Omicron 22C	2687
2022-06-15	USA	Omicron 22C	2941
2022-06-16	USA	Omicron 22C	2562
2022-06-17	USA	Omicron 22C	2334
2022-06-18	USA	Omicron 22C	1540
2022-06-19	USA	Omicron 22C	1100
2022-06-20	USA	Omicron 22C	2123
2022-06-21	USA	Omicron 22C	2312
2022-06-22	USA	Omicron 22C	2225
2022-06-23	USA	Omicron 22C	1866
2022-06-24	USA	Omicron 22C	1623
2022-06-25	USA	Omicron 22C	1076
2022-06-26	USA	Omicron 22C	1011
2022-06-27	USA	Omicron 22C	2082
2022-06-28	USA	Omicron 22C	1573
2022-06-29	USA	Omicron 22C	1292
2022-06-30	USA	Omicron 22C	1287
2022-07-01	USA	Omicron 22C	1287
2022-07-02	USA	Omicron 22C	707
2022-07-03	USA	Omicron 22C	642
2022-07-04	USA	Omicron 22C	432
2022-07-05	USA	Omicron 22C	1644
2022-07-06	USA	Omicron 22C	1107
2022-07-07	USA	Omicron 22C	945
2022-07-08	USA	Omicron 22C	849
2022-07-09	USA	Omicron 22C	601
2022-07-10	USA	Omicron 22C	605
2022-07-11	USA	Omicron 22C	879
2022-07-12	USA	Omicron 22C	633
2022-07-13	USA	Omicron 22C	552
2022-07-14	USA	Omicron 22C	513
2022-07-15	USA	Omicron 22C	480
2022-07-16	USA	Omicron 22C	378
2022-07-17	USA	Omicron 22C	345
2022-07-18	USA	Omicron 22C	502
2022-07-19	USA	Omicron 22C	414
2022-07-20	USA	Omicron 22C	296
2022-07-21	USA	Omicron 22C	270
2022-07-22	USA	Omicron 22C	323
2022-07-23	USA	Omicron 22C	175
2022-07-24	USA	Omicron 22C	157
2022-07-25	USA	Omicron 22C	282
2022-07-26	USA	Omicron 22C	209
2022-07-27	USA	Omicron 22C	177
2022-07-28	USA	Omicron 22C	157
2022-07-29	USA	Omicron 22C	151
2022-07-30	USA	Omicron 22C	106
2022-07-31	USA	Omicron 22C	86
2022-08-01	USA	Omicron 22C	211
2022-08-02	USA	Omicron 22C	137
2022-08-03	USA	Omicron 22C	98
2022-08-04	USA	Omicron 22C	85
2022-08-05	USA	Omicron 22C	84
2022-08-06	USA	Omicron 22C	52
2022-08-07	USA	Omicron 22C	27
2022-08-08	USA	Omicron 22C	77
2022-08-09	USA	Omicron 22C	42
2022-08-10	USA	Omicron 22C	68
2022-08-11	USA	Omicron 22C	57
2022-08-12	USA	Omicron 22C	39
2022-08-13	USA	Omicron 22C	40
2022-08-14	USA	Omicron 22C	25
2022-08-15	USA	Omicron 22C	41
2022-08-16	USA	Omicron 22C	27
2022-08-17	USA	Omicron 22C	17
2022-08-18	USA	Omicron 22C	29
2022-08-19	USA	Omicron 22C	19
2022-08-20	USA	Omicron 22C	20
2022-08-21	USA	Omicron 22C	13
2022-08-22	USA	Omicron 22C	21
2022-08-23	USA	Omicron 22C	17
2022-08-24	USA	Omicron 22C	9
2022-08-25	USA	Omicron 22C	15
2022-08-26	USA	Omicron 22C	11
2022-08-27	USA	Omicron 22C	10
2022-08-28	USA	Omicron 22C	9
2022-08-29	USA	Omicron 22C	12
2022-08-30	USA	Omicron 22C	3
2022-08-31	USA	Omicron 22C	5
2022-09-01	USA	Omicron 22C	2
2022-06-14	USA	Omicron 22D	1
2022-06-15	USA	Omicron 22D	1
2022-06-18	USA	Omicron 22D	2
2022-06-21	USA	Omicron 22D	1
2022-06-22	USA	Omicron 22D	1
2022-06-23	USA	Omicron 22D	1
2022-06-25	USA	Omicron 22D	2
2022-06-26	USA	Omicron 22D	1
2022-06-27	USA	Omicron 22D	1
2022-06-28	USA	Omicron 22D	1
2022-07-01	USA	Omicron 22D	1
2022-07-02	USA	Omicron 22D	2
2022-07-03	USA	Omicron 22D	2
2022-07-04	USA	Omicron 22D	1
2022-07-05	USA	Omicron 22D	6
2022-07-06	USA	Omicron 22D	3
2022-07-07	USA	Omicron 22D	1
2022-07-09	USA	Omicron 22D	5
2022-07-10	USA	Omicron 22D	2
2022-07-11	USA	Omicron 22D	2
2022-07-12	USA	Omicron 22D	1
2022-07-13	USA	Omicron 22D	3
2022-07-14	USA	Omicron 22D	1
2022-07-15	USA	Omicron 22D	7
2022-07-16	USA	Omicron 22D	2
2022-07-17	USA	Omicron 22D	5
2022-07-18	USA	Omicron 22D	4
2022-07-19	USA	Omicron 22D	7
2022-07-20	USA	Omicron 22D	4
2022-07-21	USA	Omicron 22D	3
2022-07-22	USA	Omicron 22D	7
2022-07-23	USA	Omicron 22D	4
2022-07-24	USA	Omicron 22D	7
2022-07-25	USA	Omicron 22D	12
2022-07-26	USA	Omicron 22D	11
2022-07-27	USA	Omicron 22D	11
2022-07-28	USA	Omicron 22D	6
2022-07-29	USA	Omicron 22D	10
2022-07-30	USA	Omicron 22D	4
2022-07-31	USA	Omicron 22D	6
2022-08-01	USA	Omicron 22D	9
2022-08-02	USA	Omicron 22D	13
2022-08-03	USA	Omicron 22D	8
2022-08-04	USA	Omicron 22D	10
2022-08-05	USA	Omicron 22D	9
2022-08-06	USA	Omicron 22D	9
2022-08-07	USA	Omicron 22D	5
2022-08-08	USA	Omicron 22D	12
2022-08-09	USA	Omicron 22D	5
2022-08-10	USA	Omicron 22D	6
2022-08-11	USA	Omicron 22D	9
2022-08-12	USA	Omicron 22D	13
2022-08-13	USA	Omicron 22D	10
2022-08-14	USA	Omicron 22D	15
2022-08-15	USA	Omicron 22D	18
2022-08-16	USA	Omicron 22D	16
2022-08-17	USA	Omicron 22D	11
2022-08-18	USA	Omicron 22D	11
2022-08-19	USA	Omicron 22D	20
2022-08-20	USA	Omicron 22D	14
2022-08-21	USA	Omicron 22D	16
2022-08-22	USA	Omicron 22D	28
2022-08-23	USA	Omicron 22D	13
2022-08-24	USA	Omicron 22D	15
2022-08-25	USA	Omicron 22D	24
2022-08-26	USA	Omicron 22D	31
2022-08-27	USA	Omicron 22D	13
2022-08-28	USA	Omicron 22D	24
2022-08-29	USA	Omicron 22D	33
2022-08-30	USA	Omicron 22D	21
2022-08-31	USA	Omicron 22D	10
2022-09-01	USA	Omicron 22D	7
2022-07-25	USA	Omicron 22E	1
2022-07-29	USA	Omicron 22E	1
2022-07-31	USA	Omicron 22E	1
2022-08-06	USA	Omicron 22E	1
2022-08-07	USA	Omicron 22E	1
2022-08-08	USA	Omicron 22E	1
2022-08-09	USA	Omicron 22E	1
2022-08-16	USA	Omicron 22E	2
2022-08-17	USA	Omicron 22E	2
2022-08-18	USA	Omicron 22E	1
2022-08-19	USA	Omicron 22E	4
2022-08-20	USA	Omicron 22E	2
2022-08-21	USA	Omicron 22E	2
2022-08-22	USA	Omicron 22E	4
2022-08-23	USA	Omicron 22E	1
2022-08-24	USA	Omicron 22E	2
2022-08-25	USA	Omicron 22E	5
2022-08-26	USA	Omicron 22E	1
2022-08-27	USA	Omicron 22E	2
2022-08-28	USA	Omicron 22E	3
2022-08-29	USA	Omicron 22E	6
2022-08-30	USA	Omicron 22E	2
2022-08-31	USA	Omicron 22E	1
2022-06-04	USA	other	14
2022-06-05	USA	other	23
2022-06-06	USA	other	29
2022-06-07	USA	other	21
2022-06-08	USA	other	32
2022-06-09	USA	other	22
2022-06-10	USA	other	20
2022-06-11	USA	other	11
2022-06-12	USA	other	13
2022-06-13	USA	other	17
2022-06-14	USA	other	32
2022-06-15	USA	other	18
2022-06-16	USA	other	17
2022-06-17	USA	other	23
2022-06-18	USA	other	7
2022-06-19	USA	other	4
2022-06-20	USA	other	17
2022-06-21	USA	other	16
2022-06-22	USA	other	20
2022-06-23	USA	other	9
2022-06-24	USA	other	8
2022-06-25	USA	other	10
2022-06-26	USA	other	3
2022-06-27	USA	other	12
2022-06-28	USA	other	8
2022-06-29	USA	other	6
2022-06-30	USA	other	10
2022-07-01	USA	other	14
2022-07-02	USA	other	6
2022-07-03	USA	other	6
2022-07-04	USA	other	3
2022-07-05	USA	other	9
2022-07-06	USA	other	13
2022-07-07	USA	other	8
2022-07-08	USA	other	10
2022-07-09	USA	other	6
2022-07-10	USA	other	8
2022-07-11	USA	other	6
2022-07-12	USA	other	10
2022-07-13	USA	other	5
2022-07-14	USA	other	11
2022-07-15	USA	other	9
2022-07-16	USA	other	3
2022-07-17	USA	other	7
2022-07-18	USA	other	12
2022-07-19	USA	other	8
2022-07-20	USA	other	3
2022-07-21	USA	other	8
2022-07-22	USA	other	7
2022-07-23	USA	other	5
2022-07-24	USA	other	6
2022-07-25	USA	other	13
2022-07-26	USA	other	14
2022-07-27	USA	other	7
2022-07-28	USA	other	3
2022-07-29	USA	other	5
2022-07-30	USA	other	6
2022-07-31	USA	other	11
2022-08-01	USA	other	10
2022-08-02	USA	other	13
2022-08-03	USA	other	7
2022-08-04	USA	other	6
2022-08-05	USA	other	4
2022-08-06	USA	other	2
2022-08-07	USA	other	3
2022-08-08	USA	other	7
2022-08-09	USA	other	4
2022-08-10	USA	other	3
2022-08-11	USA	other	10
2022-08-12	USA	other	3
2022-08-13	USA	other	5
2022-08-14	USA	other	5
2022-08-15	USA	other	3
2022-08-16	USA	other	4
2022-08-17	USA	other	7
2022-08-18	USA	other	8
2022-08-19	USA	other	14
2022-08-20	USA	other	4
2022-08-21	USA	other	7
2022-08-22	USA	other	6
2022-08-23	USA	other	9
2022-08-24	USA	other	6
2022-08-25	USA	other	4
2022-08-26	USA	other	6
2022-08-27	USA	other	4
2022-08-28	USA	other	3
2022-08-29	USA	other	6
2022-08-30	USA	other	6
2022-08-31	USA	other	2
2022-09-01	USA	other	2
2022-06-05	United Kingdom	Delta	1
2022-06-15	United Kingdom	Delta	1
2022-06-29	United Kingdom	Delta	1
2022-07-16	United Kingdom	Delta	2
2022-08-13	United Kingdom	Delta	1
2022-08-15	United Kingdom	Delta	1
2022-06-08	United Kingdom	Omicron 21K	1
2022-06-09	United Kingdom	Omicron 21K	2
2022-06-10	United Kingdom	Omicron 21K	1
2022-06-11	United Kingdom	Omicron 21K	1
2022-06-12	United Kingdom	Omicron 21K	3
2022-06-13	United Kingdom	Omicron 21K	2
2022-06-14	United Kingdom	Omicron 21K	1
2022-06-17	United Kingdom	Omicron 21K	1
2022-06-18	United Kingdom	Omicron 21K	1
2022-06-21	United Kingdom	Omicron 21K	3
2022-06-27	United Kingdom	Omicron 21K	3
2022-06-29	United Kingdom	Omicron 21K	1
2022-06-30	United Kingdom	Omicron 21K	1
2022-07-06	United Kingdom	Omicron 21K	1
2022-07-08	United Kingdom	Omicron 21K	2
2022-07-10	United Kingdom	Omicron 21K	1
2022-07-11	United Kingdom	Omicron 21K	2
2022-07-19	United Kingdom	Omicron 21K	1
2022-07-20	United Kingdom	Omicron 21K	1
2022-07-21	United Kingdom	Omicron 21K	1
2022-07-25	United Kingdom	Omicron 21K	1
2022-07-26	United Kingdom	Omicron 21K	1
2022-07-27	United Kingdom	Omicron 21K	1
2022-07-28	United Kingdom	Omicron 21K	1
2022-08-05	United Kingdom	Omicron 21K	1
2022-08-07	United Kingdom	Omicron 21K	1
2022-08-10	United Kingdom	Omicron 21K	1
2022-08-12	United Kingdom	Omicron 21K	1
2022-08-17	United Kingdom	Omicron 21K	1
2022-08-20	United Kingdom	Omicron 21K	1
2022-08-23	United Kingdom	Omicron 21K	1
2022-08-25	United Kingdom	Omicron 21K	1
2022-08-30	United Kingdom	Omicron 21K	1
2022-06-04	United Kingdom	Omicron 21L	262
2022-06-05	United Kingdom	Omicron 21L	213
2022-06-06	United Kingdom	Omicron 21L	384
2022-06-07	United Kingdom	Omicron 21L	329
2022-06-08	United Kingdom	Omicron 21L	359
2022-06-09	United Kingdom	Omicron 21L	268
2022-06-10	United Kingdom	Omicron 21L	314
2022-06-11	United Kingdom	Omicron 21L	193
2022-06-12	United Kingdom	Omicron 21L	159
2022-06-13	United Kingdom	Omicron 21L	272
2022-06-14	United Kingdom	Omicron 21L	254
2022-06-15	United Kingdom	Omicron 21L	246
2022-06-16	United Kingdom	Omicron 21L	236
2022-06-17	United Kingdom	Omicron 21L	170
2022-06-18	United Kingdom	Omicron 21L	134
2022-06-19	United Kingdom	Omicron 21L	111
2022-06-20	United Kingdom	Omicron 21L	201
2022-06-21	United Kingdom	Omicron 21L	213
2022-06-22	United Kingdom	Omicron 21L	168
2022-06-23	United Kingdom	Omicron 21L	153
2022-06-24	United Kingdom	Omicron 21L	152
2022-06-25	United Kingdom	Omicron 21L	92
2022-06-26	United Kingdom	Omicron 21L	80
2022-06-27	United Kingdom	Omicron 21L	142
2022-06-28	United Kingdom	Omicron 21L	130
2022-06-29	United Kingdom	Omicron 21L	103
2022-06-30	United Kingdom	Omicron 21L	95
2022-07-01	United Kingdom	Omicron 21L	83
2022-07-02	United Kingdom	Omicron 21L	62
2022-07-03	United Kingdom	Omicron 21L	48
2022-07-04	United Kingdom	Omicron 21L	71
2022-07-05	United Kingdom	Omicron 21L	70
2022-07-06	United Kingdom	Omicron 21L	49
2022-07-07	United Kingdom	Omicron 21L	28
2022-07-08	United Kingdom	Omicron 21L	50
2022-07-09	United Kingdom	Omicron 21L	21
2022-07-10	United Kingdom	Omicron 21L	24
2022-07-11	United Kingdom	Omicron 21L	47
2022-07-12	United Kingdom	Omicron 21L	27
2022-07-13	United Kingdom	Omicron 21L	30
2022-07-14	United Kingdom	Omicron 21L	15
2022-07-15	United Kingdom	Omicron 21L	17
2022-07-16	United Kingdom	Omicron 21L	12
2022-07-17	United Kingdom	Omicron 21L	9
2022-07-18	United Kingdom	Omicron 21L	21
2022-07-19	United Kingdom	Omicron 21L	23
2022-07-20	United Kingdom	Omicron 21L	25
2022-07-21	United Kingdom	Omicron 21L	17
2022-07-22	United Kingdom	Omicron 21L	13
2022-07-23	United Kingdom	Omicron 21L	6
2022-07-24	United Kingdom	Omicron 21L	7
2022-07-25	United Kingdom	Omicron 21L	9
2022-07-26	United Kingdom	Omicron 21L	13
2022-07-27	United Kingdom	Omicron 21L	10
2022-07-28	United Kingdom	Omicron 21L	9
2022-07-29	United Kingdom	Omicron 21L	4
2022-07-30	United Kingdom	Omicron 21L	1
2022-07-31	United Kingdom	Omicron 21L	5
2022-08-01	United Kingdom	Omicron 21L	6
2022-08-02	United Kingdom	Omicron 21L	12
2022-08-03	United Kingdom	Omicron 21L	2
2022-08-05	United Kingdom	Omicron 21L	2
2022-08-07	United Kingdom	Omicron 21L	5
2022-08-08	United Kingdom	Omicron 21L	5
2022-08-09	United Kingdom	Omicron 21L	3
2022-08-11	United Kingdom	Omicron 21L	1
2022-08-12	United Kingdom	Omicron 21L	3
2022-08-13	United Kingdom	Omicron 21L	1
2022-08-14	United Kingdom	Omicron 21L	5
2022-08-15	United Kingdom	Omicron 21L	7
2022-08-16	United Kingdom	Omicron 21L	7
2022-08-17	United Kingdom	Omicron 21L	2
2022-08-19	United Kingdom	Omicron 21L	4
2022-08-21	United Kingdom	Omicron 21L	1
2022-08-22	United Kingdom	Omicron 21L	2
2022-08-24	United Kingdom	Omicron 21L	4
2022-08-25	United Kingdom	Omicron 21L	1
2022-08-27	United Kingdom	Omicron 21L	1
2022-08-28	United Kingdom	Omicron 21L	2
2022-08-30	United Kingdom	Omicron 21L	4
2022-09-01	United Kingdom	Omicron 21L	1
2022-06-04	United Kingdom	Omicron 22A	100
2022-06-05	United Kingdom	Omicron 22A	103
2022-06-06	United Kingdom	Omicron 22A	190
2022-06-07	United Kingdom	Omicron 22A	214
2022-06-08	United Kingdom	Omicron 22A	219
2022-06-09	United Kingdom	Omicron 22A	258
2022-06-10	United Kingdom	Omicron 22A	203
2022-06-11	United Kingdom	Omicron 22A	132
2022-06-12	United Kingdom	Omicron 22A	136
2022-06-13	United Kingdom	Omicron 22A	286
2022-06-14	United Kingdom	Omicron 22A	281
2022-06-15	United Kingdom	Omicron 22A	289
2022-06-16	United Kingdom	Omicron 22A	307
2022-06-17	United Kingdom	Omicron 22A	279
2022-06-18	United Kingdom	Omicron 22A	185
2022-06-19	United Kingdom	Omicron 22A	193
2022-06-20	United Kingdom	Omicron 22A	366
2022-06-21	United Kingdom	Omicron 22A	400
2022-06-22	United Kingdom	Omicron 22A	391
2022-06-23	United Kingdom	Omicron 22A	371
2022-06-24	United Kingdom	Omicron 22A	445
2022-06-25	United Kingdom	Omicron 22A	228
2022-06-26	United Kingdom	Omicron 22A	221
2022-06-27	United Kingdom	Omicron 22A	560
2022-06-28	United Kingdom	Omicron 22A	499
2022-06-29	United Kingdom	Omicron 22A	450
2022-06-30	United Kingdom	Omicron 22A	438
2022-07-01	United Kingdom	Omicron 22A	425
2022-07-02	United Kingdom	Omicron 22A	256
2022-07-03	United Kingdom	Omicron 22A	219
2022-07-04	United Kingdom	Omicron 22A	479
2022-07-05	United Kingdom	Omicron 22A	404
2022-07-06	United Kingdom	Omicron 22A	323
2022-07-07	United Kingdom	Omicron 22A	272
2022-07-08	United Kingdom	Omicron 22A	319
2022-07-09	United Kingdom	Omicron 22A	167
2022-07-10	United Kingdom	Omicron 22A	188
2022-07-11	United Kingdom	Omicron 22A	315
2022-07-12	United Kingdom	Omicron 22A	323
2022-07-13	United Kingdom	Omicron 22A	255
2022-07-14	United Kingdom	Omicron 22A	220
2022-07-15	United Kingdom	Omicron 22A	207
2022-07-16	United Kingdom	Omicron 22A	145
2022-07-17	United Kingdom	Omicron 22A	119
2022-07-18	United Kingdom	Omicron 22A	220
2022-07-19	United Kingdom	Omicron 22A	191
2022-07-20	United Kingdom	Omicron 22A	206
2022-07-21	United Kingdom	Omicron 22A	213
2022-07-22	United Kingdom	Omicron 22A	189
2022-07-23	United Kingdom	Omicron 22A	116
2022-07-24	United Kingdom	Omicron 22A	84
2022-07-25	United Kingdom	Omicron 22A	210
2022-07-26	United Kingdom	Omicron 22A	159
2022-07-27	United Kingdom	Omicron 22A	170
2022-07-28	United Kingdom	Omicron 22A	129
2022-07-29	United Kingdom	Omicron 22A	91
2022-07-30	United Kingdom	Omicron 22A	61
2022-07-31	United Kingdom	Omicron 22A	84
2022-08-01	United Kingdom	Omicron 22A	116
2022-08-02	United Kingdom	Omicron 22A	129
2022-08-03	United Kingdom	Omicron 22A	122
2022-08-04	United Kingdom	Omicron 22A	89
2022-08-05	United Kingdom	Omicron 22A	127
2022-08-06	United Kingdom	Omicron 22A	47
2022-08-07	United Kingdom	Omicron 22A	59
2022-08-08	United Kingdom	Omicron 22A	113
2022-08-09	United Kingdom	Omicron 22A	102
2022-08-10	United Kingdom	Omicron 22A	54
2022-08-11	United Kingdom	Omicron 22A	72
2022-08-12	United Kingdom	Omicron 22A	74
2022-08-13	United Kingdom	Omicron 22A	28
2022-08-14	United Kingdom	Omicron 22A	28
2022-08-15	United Kingdom	Omicron 22A	72
2022-08-16	United Kingdom	Omicron 22A	50
2022-08-17	United Kingdom	Omicron 22A	49
2022-08-18	United Kingdom	Omicron 22A	50
2022-08-19	United Kingdom	Omicron 22A	36
2022-08-20	United Kingdom	Omicron 22A	24
2022-08-21	United Kingdom	Omicron 22A	25
2022-08-22	United Kingdom	Omicron 22A	54
2022-08-23	United Kingdom	Omicron 22A	35
2022-08-24	United Kingdom	Omicron 22A	32
2022-08-25	United Kingdom	Omicron 22A	35
2022-08-26	United Kingdom	Omicron 22A	36
2022-08-27	United Kingdom	Omicron 22A	12
2022-08-28	United Kingdom	Omicron 22A	14
2022-08-29	United Kingdom	Omicron 22A	30
2022-08-30	United Kingdom	Omicron 22A	51
2022-08-31	United Kingdom	Omicron 22A	31
2022-09-01	United Kingdom	Omicron 22A	24
2022-06-04	United Kingdom	Omicron 22B	234
2022-06-05	United Kingdom	Omicron 22B	176
2022-06-06	United Kingdom	Omicron 22B	347
2022-06-07	United Kingdom	Omicron 22B	448
2022-06-08	United Kingdom	Omicron 22B	505
2022-06-09	United Kingdom	Omicron 22B	450
2022-06-10	United Kingdom	Omicron 22B	462
2022-06-11	United Kingdom	Omicron 22B	387
2022-06-12	United Kingdom	Omicron 22B	346
2022-06-13	United Kingdom	Omicron 22B	702
2022-06-14	United Kingdom	Omicron 22B	729
2022-06-15	United Kingdom	Omicron 22B	780
2022-06-16	United Kingdom	Omicron 22B	718
2022-06-17	United Kingdom	Omicron 22B	714
2022-06-18	United Kingdom	Omicron 22B	557
2022-06-19	United Kingdom	Omicron 22B	572
2022-06-20	United Kingdom	Omicron 22B	1165
2022-06-21	United Kingdom	Omicron 22B	1416
2022-06-22	United Kingdom	Omicron 22B	1195
2022-06-23	United Kingdom	Omicron 22B	1160
2022-06-24	United Kingdom	Omicron 22B	1364
2022-06-25	United Kingdom	Omicron 22B	891
2022-06-26	United Kingdom	Omicron 22B	871
2022-06-27	United Kingdom	Omicron 22B	1592
2022-06-28	United Kingdom	Omicron 22B	1779
2022-06-29	United Kingdom	Omicron 22B	1865
2022-06-30	United Kingdom	Omicron 22B	1683
2022-07-01	United Kingdom	Omicron 22B	1506
2022-07-02	United Kingdom	Omicron 22B	1069
2022-07-03	United Kingdom	Omicron 22B	1004
2022-07-04	United Kingdom	Omicron 22B	2023
2022-07-05	United Kingdom	Omicron 22B	2077
2022-07-06	United Kingdom	Omicron 22B	1633
2022-07-07	United Kingdom	Omicron 22B	1375
2022-07-08	United Kingdom	Omicron 22B	1716
2022-07-09	United Kingdom	Omicron 22B	898
2022-07-10	United Kingdom	Omicron 22B	1001
2022-07-11	United Kingdom	Omicron 22B	1739
2022-07-12	United Kingdom	Omicron 22B	1684
2022-07-13	United Kingdom	Omicron 22B	1472
2022-07-14	United Kingdom	Omicron 22B	1168
2022-07-15	United Kingdom	Omicron 22B	1020
2022-07-16	United Kingdom	Omicron 22B	736
2022-07-17	United Kingdom	Omicron 22B	762
2022-07-18	United Kingdom	Omicron 22B	1359
2022-07-19	United Kingdom	Omicron 22B	1380
2022-07-20	United Kingdom	Omicron 22B	1400
2022-07-21	United Kingdom	Omicron 22B	1261
2022-07-22	United Kingdom	Omicron 22B	1223
2022-07-23	United Kingdom	Omicron 22B	731
2022-07-24	United Kingdom	Omicron 22B	714
2022-07-25	United Kingdom	Omicron 22B	1383
2022-07-26	United Kingdom	Omicron 22B	1265
2022-07-27	United Kingdom	Omicron 22B	1130
2022-07-28	United Kingdom	Omicron 22B	1006
2022-07-29	United Kingdom	Omicron 22B	908
2022-07-30	United Kingdom	Omicron 22B	533
2022-07-31	United Kingdom	Omicron 22B	538
2022-08-01	United Kingdom	Omicron 22B	1060
2022-08-02	United Kingdom	Omicron 22B	1029
2022-08-03	United Kingdom	Omicron 22B	871
2022-08-04	United Kingdom	Omicron 22B	730
2022-08-05	United Kingdom	Omicron 22B	775
2022-08-06	United Kingdom	Omicron 22B	404
2022-08-07	United Kingdom	Omicron 22B	362
2022-08-08	United Kingdom	Omicron 22B	843
2022-08-09	United Kingdom	Omicron 22B	841
2022-08-10	United Kingdom	Omicron 22B	691
2022-08-11	United Kingdom	Omicron 22B	640
2022-08-12	United Kingdom	Omicron 22B	638
2022-08-13	United Kingdom	Omicron 22B	391
2022-08-14	United Kingdom	Omicron 22B	319
2022-08-15	United Kingdom	Omicron 22B	719
2022-08-16	United Kingdom	Omicron 22B	627
2022-08-17	United Kingdom	Omicron 22B	553
2022-08-18	United Kingdom	Omicron 22B	467
2022-08-19	United Kingdom	Omicron 22B	470
2022-08-20	United Kingdom	Omicron 22B	296
2022-08-21	United Kingdom	Omicron 22B	230
2022-08-22	United Kingdom	Omicron 22B	477
2022-08-23	United Kingdom	Omicron 22B	425
2022-08-24	United Kingdom	Omicron 22B	275
2022-08-25	United Kingdom	Omicron 22B	338
2022-08-26	United Kingdom	Omicron 22B	280
2022-08-27	United Kingdom	Omicron 22B	178
2022-08-28	United Kingdom	Omicron 22B	175
2022-08-29	United Kingdom	Omicron 22B	264
2022-08-30	United Kingdom	Omicron 22B	382
2022-08-31	United Kingdom	Omicron 22B	260
2022-09-01	United Kingdom	Omicron 22B	277
2022-06-04	United Kingdom	Omicron 22C	91
2022-06-05	United Kingdom	Omicron 22C	70
2022-06-06	United Kingdom	Omicron 22C	136
2022-06-07	United Kingdom	Omicron 22C	156
2022-06-08	United Kingdom	Omicron 22C	162
2022-06-09	United Kingdom	Omicron 22C	126
2022-06-10	United Kingdom	Omicron 22C	124
2022-06-11	United Kingdom	Omicron 22C	99
2022-06-12	United Kingdom	Omicron 22C	76
2022-06-13	United Kingdom	Omicron 22C	177
2022-06-14	United Kingdom	Omicron 22C	157
2022-06-15	United Kingdom	Omicron 22C	141
2022-06-16	United Kingdom	Omicron 22C	99
2022-06-17	United Kingdom	Omicron 22C	129
2022-06-18	United Kingdom	Omicron 22C	80
2022-06-19	United Kingdom	Omicron 22C	65
2022-06-20	United Kingdom	Omicron 22C	128
2022-06-21	United Kingdom	Omicron 22C	166
2022-06-22	United Kingdom	Omicron 22C	145
2022-06-23	United Kingdom	Omicron 22C	92
2022-06-24	United Kingdom	Omicron 22C	92
2022-06-25	United Kingdom	Omicron 22C	68
2022-06-26	United Kingdom	Omicron 22C	68
2022-06-27	United Kingdom	Omicron 22C	128
2022-06-28	United Kingdom	Omicron 22C	92
2022-06-29	United Kingdom	Omicron 22C	101
2022-06-30	United Kingdom	Omicron 22C	87
2022-07-01	United Kingdom	Omicron 22C	61
2022-07-02	United Kingdom	Omicron 22C	51
2022-07-03	United Kingdom	Omicron 22C	33
2022-07-04	United Kingdom	Omicron 22C	96
2022-07-05	United Kingdom	Omicron 22C	68
2022-07-06	United Kingdom	Omicron 22C	61
2022-07-07	United Kingdom	Omicron 22C	44
2022-07-08	United Kingdom	Omicron 22C	42
2022-07-09	United Kingdom	Omicron 22C	24
2022-07-10	United Kingdom	Omicron 22C	20
2022-07-11	United Kingdom	Omicron 22C	25
2022-07-12	United Kingdom	Omicron 22C	37
2022-07-13	United Kingdom	Omicron 22C	28
2022-07-14	United Kingdom	Omicron 22C	18
2022-07-15	United Kingdom	Omicron 22C	16
2022-07-16	United Kingdom	Omicron 22C	17
2022-07-17	United Kingdom	Omicron 22C	2
2022-07-18	United Kingdom	Omicron 22C	18
2022-07-19	United Kingdom	Omicron 22C	18
2022-07-20	United Kingdom	Omicron 22C	14
2022-07-21	United Kingdom	Omicron 22C	12
2022-07-22	United Kingdom	Omicron 22C	5
2022-07-23	United Kingdom	Omicron 22C	3
2022-07-24	United Kingdom	Omicron 22C	3
2022-07-25	United Kingdom	Omicron 22C	7
2022-07-26	United Kingdom	Omicron 22C	9
2022-07-27	United Kingdom	Omicron 22C	5
2022-07-28	United Kingdom	Omicron 22C	8
2022-07-29	United Kingdom	Omicron 22C	2
2022-07-30	United Kingdom	Omicron 22C	3
2022-07-31	United Kingdom	Omicron 22C	3
2022-08-01	United Kingdom	Omicron 22C	3
2022-08-02	United Kingdom	Omicron 22C	8
2022-08-03	United Kingdom	Omicron 22C	1
2022-08-04	United Kingdom	Omicron 22C	4
2022-08-05	United Kingdom	Omicron 22C	1
2022-08-07	United Kingdom	Omicron 22C	2
2022-08-08	United Kingdom	Omicron 22C	1
2022-08-09	United Kingdom	Omicron 22C	1
2022-08-10	United Kingdom	Omicron 22C	2
2022-08-11	United Kingdom	Omicron 22C	2
2022-08-12	United Kingdom	Omicron 22C	2
2022-08-15	United Kingdom	Omicron 22C	2
2022-08-17	United Kingdom	Omicron 22C	1
2022-08-19	United Kingdom	Omicron 22C	2
2022-08-24	United Kingdom	Omicron 22C	1
2022-08-25	United Kingdom	Omicron 22C	1
2022-08-28	United Kingdom	Omicron 22C	1
2022-08-29	United Kingdom	Omicron 22C	1
2022-06-20	United Kingdom	Omicron 22D	2
2022-06-21	United Kingdom	Omicron 22D	3
2022-06-22	United Kingdom	Omicron 22D	1
2022-06-24	United Kingdom	Omicron 22D	2
2022-06-25	United Kingdom	Omicron 22D	1
2022-06-26	United Kingdom	Omicron 22D	1
2022-06-27	United Kingdom	Omicron 22D	1
2022-06-28	United Kingdom	Omicron 22D	1
2022-06-29	United Kingdom	Omicron 22D	2
2022-07-01	United Kingdom	Omicron 22D	1
2022-07-02	United Kingdom	Omicron 22D	1
2022-07-04	United Kingdom	Omicron 22D	1
2022-07-05	United Kingdom	Omicron 22D	2
2022-07-06	United Kingdom	Omicron 22D	1
2022-07-07	United Kingdom	Omicron 22D	2
2022-07-09	United Kingdom	Omicron 22D	2
2022-07-12	United Kingdom	Omicron 22D	1
2022-07-15	United Kingdom	Omicron 22D	2
2022-07-16	United Kingdom	Omicron 22D	1
2022-07-18	United Kingdom	Omicron 22D	2
2022-07-19	United Kingdom	Omicron 22D	1
2022-07-24	United Kingdom	Omicron 22D	1
2022-07-26	United Kingdom	Omicron 22D	5
2022-07-29	United Kingdom	Omicron 22D	1
2022-07-30	United Kingdom	Omicron 22D	1
2022-07-31	United Kingdom	Omicron 22D	1
2022-08-02	United Kingdom	Omicron 22D	1
2022-08-03	United Kingdom	Omicron 22D	3
2022-08-04	United Kingdom	Omicron 22D	4
2022-08-05	United Kingdom	Omicron 22D	3
2022-08-06	United Kingdom	Omicron 22D	2
2022-08-07	United Kingdom	Omicron 22D	2
2022-08-08	United Kingdom	Omicron 22D	3
2022-08-09	United Kingdom	Omicron 22D	7
2022-08-10	United Kingdom	Omicron 22D	1
2022-08-12	United Kingdom	Omicron 22D	1
2022-08-13	United Kingdom	Omicron 22D	1
2022-08-14	United Kingdom	Omicron 22D	2
2022-08-15	United Kingdom	Omicron 22D	3
2022-08-16	United Kingdom	Omicron 22D	7
2022-08-17	United Kingdom	Omicron 22D	3
2022-08-18	United Kingdom	Omicron 22D	4
2022-08-19	United Kingdom	Omicron 22D	2
2022-08-20	United Kingdom	Omicron 22D	3
2022-08-21	United Kingdom	Omicron 22D	6
2022-08-22	United Kingdom	Omicron 22D	2
2022-08-23	United Kingdom	Omicron 22D	5
2022-08-24	United Kingdom	Omicron 22D	4
2022-08-25	United Kingdom	Omicron 22D	2
2022-08-26	United Kingdom	Omicron 22D	3
2022-08-27	United Kingdom	Omicron 22D	5
2022-08-28	United Kingdom	Omicron 22D	2
2022-08-29	United Kingdom	Omicron 22D	3
2022-08-30	United Kingdom	Omicron 22D	5
2022-08-31	United Kingdom	Omicron 22D	1
2022-09-01	United Kingdom	Omicron 22D	3
2022-08-12	United Kingdom	Omicron 22E	1
2022-08-22	United Kingdom	Omicron 22E	1
2022-08-24	United Kingdom	Omicron 22E	1
2022-08-26	United Kingdom	Omicron 22E	2
2022-08-27	United Kingdom	Omicron 22E	1
2022-08-30	United Kingdom	Omicron 22E	1
2022-09-01	United Kingdom	Omicron 22E	6
2022-06-04	United Kingdom	other	4
2022-06-05	United Kingdom	other	1
2022-06-06	United Kingdom	other	6
2022-06-07	United Kingdom	other	6
2022-06-08	United Kingdom	other	8
2022-06-09	United Kingdom	other	5
2022-06-10	United Kingdom	other	2
2022-06-11	United Kingdom	other	4
2022-06-12	United Kingdom	other	4
2022-06-13	United Kingdom	other	7
2022-06-14	United Kingdom	other	6
2022-06-15	United Kingdom	other	1
2022-06-16	United Kingdom	other	3
2022-06-17	United Kingdom	other	10
2022-06-18	United Kingdom	other	6
2022-06-19	United Kingdom	other	1
2022-06-20	United Kingdom	other	4
2022-06-21	United Kingdom	other	11
2022-06-22	United Kingdom	other	11
2022-06-23	United Kingdom	other	5
2022-06-24	United Kingdom	other	5
2022-06-25	United Kingdom	other	2
2022-06-26	United Kingdom	other	3
2022-06-27	United Kingdom	other	1
2022-06-28	United Kingdom	other	9
2022-06-29	United Kingdom	other	1
2022-06-30	United Kingdom	other	18
2022-07-01	United Kingdom	other	7
2022-07-02	United Kingdom	other	1
2022-07-03	United Kingdom	other	1
2022-07-04	United Kingdom	other	11
2022-07-05	United Kingdom	other	4
2022-07-06	United Kingdom	other	5
2022-07-08	United Kingdom	other	4
2022-07-09	United Kingdom	other	4
2022-07-10	United Kingdom	other	3
2022-07-11	United Kingdom	other	6
2022-07-12	United Kingdom	other	3
2022-07-13	United Kingdom	other	6
2022-07-14	United Kingdom	other	2
2022-07-15	United Kingdom	other	1
2022-07-16	United Kingdom	other	3
2022-07-17	United Kingdom	other	1
2022-07-18	United Kingdom	other	3
2022-07-19	United Kingdom	other	1
2022-07-20	United Kingdom	other	3
2022-07-21	United Kingdom	other	1
2022-07-22	United Kingdom	other	4
2022-07-23	United Kingdom	other	2
2022-07-24	United Kingdom	other	2
2022-07-25	United Kingdom	other	6
2022-07-26	United Kingdom	other	5
2022-07-27	United Kingdom	other	1
2022-07-29	United Kingdom	other	5
2022-07-30	United Kingdom	other	3
2022-08-01	United Kingdom	other	5
2022-08-02	United Kingdom	other	6
2022-08-04	United Kingdom	other	1
2022-08-05	United Kingdom	other	1
2022-08-06	United Kingdom	other	2
2022-08-09	United Kingdom	other	2
2022-08-11	United Kingdom	other	1
2022-08-12	United Kingdom	other	1
2022-08-15	United Kingdom	other	1
2022-08-17	United Kingdom	other	1
2022-08-19	United Kingdom	other	1
2022-08-20	United Kingdom	other	2
2022-08-23	United Kingdom	other	1
2022-08-25	United Kingdom	other	1
2022-08-27	United Kingdom	other	1
2022-08-29	United Kingdom	other	1
2022-08-31	United Kingdom	other	1
